subscription_id,customer_id,subscription_type,subscription_start_date,subscription_end_date
433cc702-e076-4e4a-b4b7-64a5574f3285,67d73bd7-7831-4400-b44d-d638dc8dcf19,prepaid,2024-04-05,
4bd45ab5-c2d1-434f-86b0-6a75ec966ace,dbf9959d-246d-4ec6-9356-429929335e25,prepaid,2025-11-15,
24bae50e-f05d-4b52-88ab-0ed728f1e4f5,b75f7a34-1dd5-4895-887d-3b9a7b8815a6,prepaid,2023-09-05,
4767c552-844f-4d21-82d5-4aaf3c0500f2,177fc50d-e550-4918-9f07-48c318a20e17,prepaid,2025-06-15,
ad1f277c-9cd3-46e7-aa1a-1c191dd535cd,716a93b3-72b5-4bdb-94db-1baa6319493c,prepaid,2024-01-30,
3b9f69a3-112f-4d70-b597-17d5388b28cc,6ea22248-bb96-4b0b-a502-6c7f441eb89e,prepaid,2023-07-01,
caa5a296-c338-47e1-89c7-38fa43332015,42f0d701-c1c7-4b11-9589-d15ec811f630,prepaid,2024-11-30,
350c834f-1b1c-48d7-a890-7b1eeb357d74,5da031f0-e441-4213-a431-b5f3ab91b545,prepaid,2022-05-04,
b9faeef9-4a8b-40c3-8dd3-ad7c2a3fa42e,8e54da0d-88f9-441e-81f5-4be6701b2cad,prepaid,2025-08-30,
83cd2c05-3fad-4d9c-a665-e8621a3bf906,b542a48d-64dd-4060-9b04-dc6c7f9265e1,prepaid,2024-12-06,
c7ca8eaf-6261-4922-942c-448b15d378f2,cf5f3923-88f9-49f3-80d9-5ccbe4505492,prepaid,2025-10-19,
baa6f3cf-c44d-4827-b143-5c7246575be4,b8546ae3-e41a-41b3-a677-b8d69c5056c9,prepaid,2022-09-10,
e676aa39-19dd-4767-8a6b-b9cacef2f12b,7b42007f-97bc-4516-ba25-6c4f7ae98da1,prepaid,2025-05-06,
bded85bb-546b-4d03-834d-da7e51d197fe,a2e9cac9-2ea0-4396-92a6-4cc19848f3db,prepaid,2023-12-27,
074c7ef7-e568-4dd0-999a-fc95a7784637,b3b46389-f51a-4ff7-80f4-fc7d72aee6c4,prepaid,2023-06-25,
882c8fac-dbe0-4698-a495-6a55b5674855,93a1a130-0988-4693-9a88-3b2f7f55eec5,prepaid,2023-05-19,
0b029b2f-838d-47e1-817d-381152f1d17d,7b5a3d0f-7b40-47c5-825b-d4ab19e91e8e,prepaid,2025-02-08,
67b3fcb8-f0d4-4bc2-a2cc-e1e68541dc2a,b72477e8-1c0c-4a83-89e8-a470ff0c39fa,prepaid,2022-05-18,
612e0b21-bfe4-4bae-9445-18cef316028c,f01ee960-14e1-4591-adfc-59141ad39a7f,prepaid,2023-08-05,
bf820581-9b40-411b-9e74-82f2a68f3254,b615d5f8-73b4-4711-97f1-9a7eae7b17a6,prepaid,2023-07-23,
e2bec481-cc39-4e88-86a9-d52dac7af89b,9798a514-7bdb-4ec7-9f1f-eea40092df4f,prepaid,2024-11-01,
d96a91a9-bfc8-4435-ae7a-cc829cf5fcc7,f7cc0d2a-454f-43dc-9e00-2050d9cb0442,prepaid,2023-06-20,
850f5aa1-8480-4889-a87c-23e9e1ef3d7c,5cb64982-b387-4a80-a951-9e6c5640a7b9,prepaid,2024-09-08,
b467881d-9584-4256-809f-d80f6aa35e3a,27dfccc0-d971-45a8-875c-93bb9ec133bc,prepaid,2025-10-29,
c6547b81-eb91-4951-8f60-ed596abedd2a,94f6dd4a-d884-47a3-a57f-ff60697f9bdb,postpaid,2025-09-08,
d79587ae-2873-46eb-9f76-3214d46937b9,aeaeaedc-fadd-4877-83f7-228186dedc85,prepaid,2025-03-12,
76a50ef0-97a2-46d7-8a60-9f300f5aa4c2,c5d67b5d-6a32-4bf4-a336-f717f798a99a,prepaid,2023-01-13,
f7429684-3668-42da-9b24-95bc1ce6b847,28c8340d-a03f-45c4-8462-5ea8d697e05c,prepaid,2024-04-19,
612362a1-609f-4c57-8130-9f3cfe671e9c,2a90df1a-8014-49fc-8ea7-9d725c8d3c4c,prepaid,2022-06-21,2022-12-29
f3b50b50-c217-4227-b5eb-d231484d8286,a5501e87-06e2-49b6-926d-37351c8600b5,prepaid,2025-06-29,
fae906d7-06d1-4c08-8389-04693eca1288,6c581d68-a100-44de-b899-6e30350afb87,prepaid,2024-07-22,
79c7ab17-2b24-4795-938a-a09c588d7ece,604a894c-cca7-489f-8c62-dc2bb638b46f,prepaid,2025-05-21,
61710686-f979-474f-aace-058a1a23e9c3,7f363986-65af-4dfe-b553-f8d4a5db498d,prepaid,2021-12-27,
16c8fb42-6856-4aef-b76f-81d93814a8e5,7491c78a-c343-495b-a846-92d7a43b783b,prepaid,2023-09-18,
8669e76b-2bf5-472e-9484-d95257b923b9,d9a4be25-d284-4150-945a-27a9c21ee06c,prepaid,2025-03-26,
5c2b7144-df0a-48c1-8043-f1e564efcb9d,e4fd133a-dc46-48ac-a07f-2abf5eeb5aed,prepaid,2024-04-29,
da8bccdf-fffa-4680-ab07-c6cf29ef487d,d3db5270-8711-4d43-841d-9dd7a42a6c38,prepaid,2024-09-12,
60d03835-3945-469c-8866-7955640a7b4c,593a4d40-76a3-49ee-b06b-10fd3df4fe4e,prepaid,2025-08-07,
61f87acb-ff80-4f47-80b3-827a59df7417,7a648a36-eaca-41a3-b045-38da32846df9,prepaid,2024-12-04,
687151a4-4c44-420a-82d5-710182738d1d,18e4e9cf-6706-4bb3-921a-be112d566d33,prepaid,2025-07-31,
e1de404c-328f-4179-b0d2-8df907a634b8,3adfcf73-58d7-4719-9cfd-7c5af64a47c4,prepaid,2025-11-16,
510560ad-242d-44c9-849e-20f5aab8c011,efc21023-8d66-4b59-87f0-977cc5f91534,prepaid,2025-09-12,
23c62b3d-fd35-4450-a4e8-361f1b6b86d3,8ad88803-2389-434a-9e6b-f2b37b5b6bba,postpaid,2024-04-08,
5493f2dd-73e7-4103-b3ff-a01ca94e772d,3fbe38db-18af-49a8-b911-76420f86eb29,prepaid,2022-04-26,
0f8849c8-6fff-49c6-bf21-d68f7043798b,19fa2658-8e2e-4e54-97aa-9348b0ce9d07,prepaid,2025-07-04,
141f78f3-fd0a-4c72-9b90-f6bb4d8001b6,1e8df982-6677-45f1-9dcc-f3920d291e46,prepaid,2025-02-24,
c0448d90-cb5e-48bb-b473-1c7e418c9cb2,e1fe19fb-0784-4e9f-966c-65bde17a8a42,prepaid,2025-11-01,
cd79e31a-5371-49e1-a684-beee7b3618f7,d76adabc-0e34-41a9-9283-a8d96dd6851c,prepaid,2023-10-09,
5b3fab7b-1ce5-4692-9376-76ed14e44157,0502cd7a-4671-4690-96b7-65ce2ced1e53,prepaid,2023-07-19,
4374e0a8-1005-4f56-8e68-c6a5ddf0baba,219e10a1-5554-4033-a895-eba19d8aea85,prepaid,2024-06-24,
93a8128e-b9e7-43b7-b6f4-70234b6e7a02,08e70ae8-bc8f-4cdd-a716-fcea8ea04b95,postpaid,2025-08-31,
945ce20a-6d7c-4e36-ab55-b4338adee1df,aeec834a-6166-4521-9321-640af2138fed,prepaid,2025-05-01,
c23796ad-0052-402a-9a02-018d7e0d620e,bff5bd50-d868-4699-8f44-1cd2b3a4987f,prepaid,2025-05-03,
036dba0d-82b9-4e33-9959-6c795f3958b1,b2a8ea36-6747-4922-afe2-f27f17f19f68,prepaid,2025-11-11,
e1dbb92c-5611-4713-aae5-fde1caff39f1,4ec801bb-4440-4ca0-879b-b9fc87f4ca47,prepaid,2024-08-13,
b7945ecc-8a92-44d9-8653-8bd76127c3ec,6d279973-26cf-4217-9806-ce026020f20d,prepaid,2025-04-19,
799704c1-1fcb-49fd-acea-bbec5ab27f86,2e971d47-649c-4040-be67-ca1736620249,postpaid,2025-03-28,
06e3babd-90d1-42d6-808d-d563973d8b2f,8229964e-cf18-4eac-8366-0fe4ca65119e,prepaid,2025-02-02,
87f59be6-76d8-43a7-91a2-cb4c2b3a4a3f,29e0d6c8-1628-4b6c-81df-6ac618584b02,prepaid,2020-12-26,
11edf166-f0a2-4665-8a12-f1288e935f0e,439b0a4a-2c4d-4ccb-bf6d-d31c54ecd90c,prepaid,2023-06-17,2025-02-09
aaa22c87-dda7-4de4-9e3f-a9a290bb317a,8626efa1-4e77-4435-a70a-1082475eabee,postpaid,2022-05-20,
95a9fa3c-f069-4ff2-a87b-21272b4d4e5b,813402a0-17e9-499b-8a18-1319fae93f84,prepaid,2025-11-09,
2c3e2ef6-4634-45fa-bd6f-a166c8ac8eac,9e182dd2-a4c5-4555-8f56-d47c89ec44a5,prepaid,2023-05-17,
6d4b371c-154d-43e9-b909-050e4ec09a30,c1223159-a863-4fb6-9b89-1bab894956ae,prepaid,2025-05-03,
e9c912c7-68f9-4937-8fdf-3243c2de8174,ad958c90-2ceb-4396-b8ed-ca5bff574e51,prepaid,2023-04-10,
3df2d674-40de-487b-9914-7f1eec1b6046,8d3c43c4-9ccb-48ea-956a-bb8fdc097367,postpaid,2024-05-11,
5bdd2482-1df4-4502-98cb-178468ec121b,c50f94e1-435f-44b6-a765-a41f933b0ee9,prepaid,2022-08-25,
b1e51193-d484-4503-86de-9341efeccfef,9b54c2a1-454b-478a-8dbf-4e0ec88d4ad4,prepaid,2025-01-31,
666ea90d-a069-4c58-86d5-5a74ff233203,092fd68e-6cb2-4d74-a30c-fae2d89144a9,prepaid,2025-09-09,
6c80c168-da28-4de2-b3a6-9e4d8844cad4,051ea56c-2ab9-4ba9-91dd-9d008aecf3e7,prepaid,2023-08-07,
7cab5d94-1c0c-4b27-8179-b43fcb7ba30d,009f45bf-dd61-4fec-962f-ecf509521f3b,prepaid,2024-12-30,
9d2cf705-9398-43a6-8d68-310aa5298e58,ceb05226-b36a-4918-bb77-cbc85915ce20,prepaid,2025-09-15,
a9bf7bba-5aa2-46b1-a90f-fcde87a98a16,aa1f9448-a364-44f1-9f05-9b3e18f3e795,prepaid,2025-09-28,
86879485-7930-4a8e-9349-f4e7987af4af,b1f71bcf-ce7c-45c4-952c-e5c293f28a48,postpaid,2025-01-07,
4fdb9e93-4c93-4cf8-aaef-2a61e5b5c7f7,92328f36-68df-4658-a4ed-e0db4bf6b3fb,prepaid,2024-05-06,
972d02e7-eccb-40a4-8f7c-225d42673d55,5986eb97-2476-4afd-80bf-7483cb7d1619,prepaid,2024-12-18,
b6786748-52b6-4fb3-891e-534c1a4ea8cf,c35e43ad-678f-4aaf-92e9-6ab4bebbf8be,prepaid,2025-10-23,
e7e74637-0d2e-412c-ad4a-1b601fad3a93,839875a5-9d7a-4467-82aa-72779cf76963,prepaid,2025-08-24,
47f9f6c1-4964-4d24-9621-d64ff31c4f9e,031939aa-9ea0-4bc5-8c2d-193a56b19d04,prepaid,2024-08-19,
5d966af6-fa62-40ee-9f99-15bd117aeca8,faa7b22c-5d05-4b1e-a24d-b435af7aaa39,postpaid,2024-10-17,
85885f68-b11c-493a-a0ba-d439dbe60bbf,0a39eda0-5fff-4579-8b4e-cab826e8101a,prepaid,2024-06-10,
cb2cd2ed-61d0-492a-b83e-cb9cdca955d0,7f5530d4-3953-4ac4-8153-845acfd56d47,prepaid,2025-01-28,
0c4fd704-116b-474b-b3b0-596c2d7c39e7,5e208c80-7a49-4c50-bf15-a349abcc2df4,prepaid,2025-10-16,
122ce1af-82b4-4446-8109-a7d355b0032a,e55ff8c4-90d8-4695-a3d8-d51b14c1256a,prepaid,2025-09-16,
e226b3a8-3ddf-4c8c-bcee-2d75dfe7ba50,1c3c68f3-d486-4e7c-bcf6-33abe2f99fec,prepaid,2025-09-15,
6e6ce84d-610d-4982-8021-910e0bd4feb6,8c2392e7-34e6-4344-83e0-c02e570ee477,prepaid,2024-08-09,
758d6e21-1315-47b5-acd8-7401a79fc64b,f291cb62-ae97-4041-91ce-84b41fbe578f,prepaid,2023-09-30,
128998d8-5c9c-42d1-bdd4-12285444947a,8810c934-9dad-4e45-b9e3-b5ad4e95c60b,prepaid,2024-01-20,
d31dc012-1034-4b70-84d9-d8b4274906a1,4d466207-111d-4ea5-94fb-8ffe330180ff,prepaid,2025-05-20,2025-10-17
5932b11b-042b-4d60-9575-325b479112c9,d6084779-e6a5-46d3-b9fa-939ea9dc3f92,postpaid,2025-08-28,
1369c7a4-b7fd-4e19-bad9-35ef6d0dc03e,e9a35336-cd9d-4423-bf21-c59d365ad741,hybrid,2023-02-02,
4b1a48e9-95a8-4652-a5f4-18342f7702db,8495c362-ada6-4ba8-93e3-ec7fc3157455,prepaid,2024-10-04,
e991aab8-e06f-4ed8-9635-c4817d833e6b,fbe73763-b159-4579-bce7-073881bdfe94,prepaid,2024-08-28,
a382e2a8-629b-4c33-88d1-8103665477ca,64b6e6a9-b0e4-4c66-9313-165269bba9e0,prepaid,2021-04-13,
91f8aa83-87ee-451d-b959-4f2b99367f64,6d2be5f2-3f1b-4ffc-af42-8f0a0e5c22bc,prepaid,2025-04-09,
60233a22-3354-49b3-b88d-d89f8d092736,b170015b-90be-4011-b3fe-ffb5ddf742a8,prepaid,2024-11-30,
2f9512fe-d0e1-4345-b9ae-29aac87db1ee,f53dfc63-01ac-445d-a473-12f0f21a9ec3,prepaid,2023-07-16,
3ba5bea7-85c2-4dba-b47b-c10aec6e1ebc,8b7c53cd-21cc-4311-a22b-83341131c8b9,prepaid,2025-07-22,
cad87c81-6ca7-48a9-8ede-73c13061007c,6b6e6e3e-be4f-4f19-99da-b44a16291f2f,postpaid,2025-11-02,
ee174b0e-684b-442f-b72f-0e23bb05b7f1,9ef7f8bc-228c-49f1-9364-7ff03cf430b0,prepaid,2022-10-31,
2525b975-9c10-4f70-9fa6-7b4973d84f3e,cd45ea50-50b6-43dd-be69-4ecec877b8c1,prepaid,2025-11-07,
433fb51a-503a-4f30-aa79-4e71b6c4af7c,8057aef4-a16d-4024-9834-167a5ff6433e,prepaid,2023-04-28,
66f5e223-ae16-46d4-9005-4cfcbbad40d6,efc4ac57-ea9c-412a-946b-59257f6120a5,prepaid,2021-05-27,
6611f65f-41fe-4125-b355-5d630eae5023,8b719927-68a9-48a0-899b-d4bd65eaf029,prepaid,2025-06-24,
7203d020-da59-4abe-8400-004f8f3b8c66,418b3d98-3376-4dd3-b5ab-7f2ef964fcad,prepaid,2024-02-22,
2231d559-edb2-42c3-a236-c91a449a6d3a,eedf163f-dea5-4664-beeb-2280542c283a,prepaid,2022-10-10,
65f194a3-4938-4551-886a-21e53104cb32,7492a248-34d8-458d-ad85-621d6875f1a9,prepaid,2025-10-05,
636cf538-a4af-4483-9f2b-d2921cd73573,ec29344c-ea8d-4b41-aa06-1ce8f98154da,prepaid,2025-06-26,
7e77669b-5fd9-476e-ba6a-b8a641c7b209,de3f9110-1a7a-449a-b3f9-d08b7cc920d5,prepaid,2025-01-12,
40ffcf13-2fdd-4dd5-824d-fce27f8e7386,9b17cfc4-72b3-4f5b-b759-26ab6f58efed,prepaid,2023-07-07,
c0ffa1c3-963e-4c85-bbdc-6c0f8a419efe,04c5a366-4413-47fc-aa7a-c18916244aa6,postpaid,2025-10-05,
7e16f7df-e82e-4ce5-8302-5e77ace747a4,f48695af-ae8b-44ae-ba5f-5baa8d9a40cb,prepaid,2025-05-13,
5e8bfc27-20d5-429b-a55c-6acf3b93863a,7e68d48f-3424-4002-94e0-9546f59313ed,prepaid,2025-09-29,
0268b5bc-5def-454a-a5b7-7c96c8701ac3,b00508ba-60fc-4434-95c6-e054870efa73,prepaid,2025-10-09,
1df7bc31-b1af-4c5b-91fd-71d1980ae33e,475f5f1b-4679-49d4-afc1-b66f1b5210ae,prepaid,2025-10-21,
e60d400a-0d94-4a36-bde7-be36202fb81a,0abe1de7-0ef8-41e5-b324-c6e1bd00fba4,prepaid,2025-08-26,
02e71eea-1b8e-4b8e-9f47-5f1ddb2b0552,d8d94d8f-f1c9-4f2d-9874-16038397a7b5,prepaid,2025-10-16,
c58a7cca-c9b2-4f5a-aff1-8d8dc47f1b0e,f8eefb55-cbdb-48e9-8134-65e376293e80,postpaid,2025-04-01,
1ad9f8b2-72de-4637-a239-dbf51f09d189,1ee02dcf-f928-43d8-ba47-b19dafb584f7,prepaid,2023-11-06,
fa1e9c53-4ab2-4183-b9ec-cb1dc2c4491b,bf651102-7c91-4267-848e-e4c4353773ff,prepaid,2025-06-28,
f45c851a-c45c-4f08-a08c-65b8849c8e40,5385fbaa-dbc1-4f4a-99a1-dff4a8118c41,prepaid,2025-09-23,
e3dd8ae2-524d-44ac-a7fe-7145300c10ea,1387ed7b-c997-4653-9c51-277097d42600,prepaid,2025-01-24,
b7de2b31-0466-434d-8306-9e3926b89838,30020b66-8bde-4b54-8038-adc191951638,prepaid,2024-05-13,
647856cb-104e-4a42-a2c8-9d35d6d30bd9,4ceb335e-a8f6-4940-a0ee-1cbdce443a53,prepaid,2025-09-19,
7e709640-6355-421f-843a-daa1df38ae7f,3affbe26-cddc-43cd-9d88-2b3428cb748b,prepaid,2022-12-18,
f4ed89d3-78a1-4eeb-9381-f26caa8e3da0,fed5f05b-0385-45e6-b254-40c4ad43ffe2,prepaid,2021-11-06,
c56bb331-5153-419c-a133-fa8dfea222f3,37355eff-27b9-4c31-ae12-a0bf4946d9a9,postpaid,2025-10-31,
b8c9cc0a-0a7e-456a-9a51-cce749f9314a,72a46378-98f4-44af-8ed2-4f7bbbb70fb8,prepaid,2025-10-30,
20fd0086-978f-4c7c-b9a7-d5659f8776ff,e523423e-e0b2-4737-b191-95410c8a6c20,prepaid,2024-02-25,
2bb064bc-7b12-43dc-839f-4a5dbd09f19f,15bf0d1b-f835-45b0-adfe-94d65e525ae8,prepaid,2024-05-30,
634ff87c-e059-4938-bfd5-1140823ddd5b,37ae36c6-01f9-4f8f-b785-c1a5006bc300,prepaid,2025-03-04,
ed5f0719-b6e2-43dd-8f23-f0a05d2d2aa7,d6cdb568-2150-42af-a894-ef8eaff29b05,postpaid,2025-06-17,
b0facf50-b2dc-4d69-abc4-dacc49b45ddc,a986bd02-f417-49b7-9ef7-c1e26051a9f4,prepaid,2025-10-12,
693f60fa-8ff4-4f28-99ae-2efed68bc9a7,b09612f4-aa78-48b4-ab61-b23f17fec52b,prepaid,2022-03-05,
0d7016e4-e6c8-4a49-b801-703a04b85bef,83df2c5d-7cec-4b79-b9c3-025550461161,prepaid,2025-08-09,
e3ae1fbc-3d3f-45e3-957c-8740ee25abc3,b4196a12-7c5f-456a-8f5a-61ef715da230,prepaid,2022-11-07,
9b882352-b63e-4438-9f87-11c9ffb908ee,a3e15f07-561b-40c6-ba82-546303017cd6,postpaid,2023-06-26,
548e3970-ed72-4379-9d35-cfb621ef07de,4d5dd142-c15d-4c31-86f8-11c3f88c0c94,prepaid,2025-01-13,
ab9ff7a8-f44e-4d12-ae13-d7680ea6b843,0f78bb4f-8fc5-4353-8350-03cef95659a7,prepaid,2024-08-12,
ba189f63-e7e5-46c5-9923-03cced569133,5561c0a2-8283-46ce-a194-ab03a6f63426,prepaid,2025-11-04,
82c51ac2-8485-4b74-bf19-a32c639665cf,2732870a-eef8-487e-982a-b3c6ac5866c6,prepaid,2023-09-11,
702af8c1-7427-4efa-958b-762fa327464d,41df2b8f-6bd6-4a04-b89a-aa3ca59155d6,prepaid,2025-06-18,
339a9ce9-4920-4524-9f6e-e79df5a4c760,b56511bd-f64c-4c69-a0bf-444a53c05a68,hybrid,2024-03-15,
db0dc3f0-1909-438b-8947-3d29417e96ce,81b3a451-b7fd-4755-b17d-468123547eb0,prepaid,2022-07-09,
d6da48b5-a67c-47c8-aab6-a0c62810e848,4a55c56c-d65c-474a-b8b0-51ede47ab1f1,prepaid,2023-04-23,
f06b9abf-032b-4d50-9144-b734abd4e6bc,7e4f63c3-f787-4f29-9124-84e44037cc98,prepaid,2025-03-09,
bce2234e-9f47-41e9-9308-1c1bf4e6ff7d,fddf8126-c068-44c3-ab59-7d922f433461,postpaid,2023-11-22,2024-08-06
7cdb3de8-8530-403e-9adf-3e653744de55,25fd70de-74cb-4c8a-9efa-e328c0700ed3,postpaid,2025-09-06,
ae5b1ea0-1b55-40c2-95d6-208c1cdd23ca,cd07c94a-6b00-430e-80f5-4ba30e7b1fec,prepaid,2025-08-10,
5b8807db-cc8d-4c68-9fc9-55090ab84f37,70fb9d6e-5151-4de5-a21c-ca6d0ff4f191,prepaid,2024-08-20,
173dfb5d-487f-44a3-b018-eab5b85e202f,73e836fd-215d-4f68-a2c3-4895a8a74617,postpaid,2025-03-23,
701532c4-03e7-42f9-acfe-80aff018757f,9984e5ca-687d-48d7-b727-5f7c9efb5f01,prepaid,2024-11-26,
75797b3b-f6a9-469b-8775-59efa89dc876,aba74a07-36e4-4915-b886-8fa12acb0b68,prepaid,2022-06-20,
77bc27fe-b52e-461c-8a0d-228267d58b8d,ca8942ae-21a6-41a8-9660-5752ba2718c6,prepaid,2025-09-07,
66447007-aa84-414f-8c58-1fcc6820a50a,96b0b216-5200-44f8-8089-240ab7419221,prepaid,2025-09-22,
049a391b-3877-4d36-87c8-8957261ce64a,dd244339-8597-4a91-9abe-38198f8506d8,prepaid,2025-11-13,
95abfb32-f4ee-4da5-b466-71ea90d23eb2,817a6965-4051-49af-aaa5-cb51809902e3,prepaid,2023-08-10,
23f52806-3ef2-481f-93e1-ef65ed3c60ea,f9976daa-b0c6-4436-9baf-c7a6e31221e7,prepaid,2025-05-27,
858b6327-bad4-4fb9-9651-83f11755d8f7,a4ad6183-1c86-4e6b-89d3-779c30468938,postpaid,2023-08-02,
54aa9e67-e184-4704-9561-9ef178eac69e,d708aaff-3132-4a78-8dfc-38e66054b811,prepaid,2025-04-06,
bd5d76a3-02f1-4114-b607-a16a5d7d3e0a,fa61e557-5d26-4e91-a68e-31b06dcc84ad,prepaid,2024-07-09,
120c7314-a7ba-4130-b73c-b892142ec6db,bfd0c8fe-c28d-4cc9-b7c9-c7f2fd37ab90,prepaid,2025-02-14,
6e700858-6b23-4048-a7f3-2d156f2e59a3,32cfcfde-d8e4-4468-bc38-6737fc4f15c3,prepaid,2025-11-12,
1d3517f6-2298-4bc5-a317-f37ea4a852b3,39b5e1db-43cd-4075-82fb-6501f2e4d96b,prepaid,2025-10-11,
a2630067-8117-46e4-9834-54424a622360,5a1d3440-0422-4b9d-83ac-23cbd7aff10c,postpaid,2025-10-25,
ed4774f9-35c9-4b63-8de0-25320d7315db,b40a7a00-4075-4e35-9e7f-43ee755c9794,prepaid,2023-01-18,
6c589d1f-c914-4715-85dc-c0ba10ec5dde,e4615793-3dbe-4005-be6b-830dc34f8cc9,prepaid,2025-01-31,
874a4903-96db-47cb-9497-8292ae63d77e,0c887338-51fd-4a78-a0ac-ca9140c22eb3,prepaid,2023-01-27,
87bda82b-0f21-4862-97c8-8f61f4240954,cb092fb6-217a-47f5-8920-dc9bf1c12718,prepaid,2025-02-21,
a2de5afc-b461-40c2-be68-733bfa22186f,27e1cdf9-027c-4b48-8404-76ba83d20689,prepaid,2024-01-14,
c56b34eb-f303-42e7-a781-d0516e641513,87268955-d3e8-44f6-8d68-c2c9213e8b98,prepaid,2023-12-01,
426d752f-136e-4844-9773-ba5a4da90b11,41bba909-a6bd-4290-87fa-6def55897a9b,prepaid,2025-10-05,
54f57235-85fc-4759-871c-674b69de13ab,e1dacc39-43d7-43b9-bac7-520da8fe40fa,prepaid,2025-06-21,
b1067c4f-965b-4c74-be7c-51fba83fe9c9,8c6e3d2e-4d9c-4d36-a1a8-d1ba6fb8c404,prepaid,2025-03-15,
00a44903-b1e6-426b-8e66-0373e3d91d04,21c0fede-17dc-45e7-8b05-df7fe05d4c1c,prepaid,2025-06-01,
2cca941b-09fd-4af1-a9c9-8e3923181727,96342060-60d7-48ea-8134-9cd342f81a52,prepaid,2025-08-01,
1a9979dd-439c-43af-b25e-7e38ca66d837,e1ec8308-c634-48c1-ab98-edf68c4a37a0,prepaid,2025-11-01,
abd3570e-5e5a-4158-8d17-d1c97c70a9f2,44e90daf-7194-402c-adfc-4f07bfeb3412,postpaid,2025-09-15,
37ff724b-efa1-499f-afb9-4007e55d6401,f9a1f4f6-1182-4ef5-b9fa-58d5df43aebb,prepaid,2025-03-07,
54443b30-7600-4a7f-88bd-0b08d4e7be75,56c3a351-163d-4e0e-b453-5c2b56174b8f,prepaid,2022-03-30,
f9231f25-4fbc-4acc-8e1b-c89bb2360356,c140488c-4dbe-4b25-a2de-bbd8704ec0f7,postpaid,2024-01-07,
e11269db-57e1-4ff5-9541-e25d0036ddea,04e24bef-4d4a-4ef1-b44f-82e12b43e4d0,prepaid,2025-01-19,
74d4ab61-8e38-4d6a-ad8a-da37ed2bd25e,a220bc3e-56f0-4148-936e-b805127885be,prepaid,2025-11-09,
113855bf-d1bf-41b8-9d43-5e84097f8b6d,8f6982c3-3035-4b0b-be09-4ccf0d8eab03,prepaid,2025-08-11,
498847f8-4ba5-46ab-a40c-2277085296b1,344313be-e40b-43dd-96dd-afb07a187282,prepaid,2024-11-25,
530d3f15-665b-40c0-8e27-c065bbabacf0,0a612fd5-8ea3-47bd-a128-41c4983392a5,prepaid,2025-11-10,
721c4089-1247-4bf3-893c-8e9a46bfdf6c,cd3a26f9-8711-460b-9daf-e0a868cafd81,prepaid,2024-10-23,
79e6d78f-50ac-4d22-b6fc-2e65da550c4b,ad87362d-7341-4fb8-a1ae-30247287008b,postpaid,2024-08-11,
da5b47de-d652-4698-a3ad-5b4bfe1f977c,df36d600-f5a4-42b2-8e69-6c39f511accf,prepaid,2024-10-18,
5c78c46a-6b52-42df-abec-e602f28b0002,126db828-0662-4a82-8e2d-15053642b3c7,hybrid,2021-04-13,
70d4d5ed-e688-48c0-b118-7c7d4aaee019,bdd573ce-696c-4e8c-a819-0cf49c7f8258,prepaid,2025-07-29,
9cf7c59d-68f5-48d0-8911-a9d4ef01cfa6,76818309-6422-405c-b9bb-940f8aeb291e,prepaid,2024-03-07,
48182597-0989-4481-a701-ca2888c29162,5a2579f7-bdd4-4a5b-a331-8626a14f9347,prepaid,2024-07-08,
1a21ec5d-afe6-4ca0-b9da-249ac24fffc2,21f05ef3-56f4-4c5d-85c1-6a891c47bb31,prepaid,2024-07-10,
b5cd30bf-4ef7-4413-86b1-38ffc58b100f,c5c6a6ac-0d5f-4769-b6f2-c212f42295b3,postpaid,2022-03-02,
4e0cdcfa-0796-4d58-a7a4-20a18eb267a6,13fe07b5-d440-40df-ad2b-375ec0d1c8f1,prepaid,2022-04-27,
b415dd35-dccb-477b-a3dc-60c243671839,f44f796d-e738-41bc-b022-20035f678260,prepaid,2024-01-05,
5d7f798e-81d4-4b69-93f4-ba752e49689f,65846593-0c65-4f62-ad84-95877156cd0b,prepaid,2025-09-14,
4bd5e31a-784b-4d92-96a9-b895f1e21d41,ace89e26-2c5d-4adb-9319-d36e72ff2c39,prepaid,2025-11-13,
95e94e58-8b34-43da-b12f-68fa73a5ab95,e51cf594-507b-4671-bf9b-25c916c48c95,postpaid,2025-10-21,
9160e599-e989-4df0-bb50-c82c7206f6aa,5f3bb28e-4419-4075-9421-9a536af2527e,prepaid,2025-07-10,
226a2d31-c456-4619-a18b-37de3b24dfa6,9c8c9cfe-93c7-45bd-b25e-5d055e24fa55,prepaid,2025-11-22,
1f431c37-1b44-4374-a41d-c855dbb34d5f,11653339-90d6-4170-ac83-68e594ed345f,prepaid,2025-02-17,
8ba0b99b-72a0-4d9d-b351-b1a5cabacfac,e3f699cb-b44a-4eea-ad86-27b9c7626e8a,prepaid,2025-01-30,
031cb72f-7fe3-4362-b66e-1ac82f41e8b4,01f7754b-99ba-4006-9769-dc134f0b9821,postpaid,2022-11-19,
d4a69916-66e6-4f2b-af18-53b60ce6d28b,efd46cc1-1e05-4c61-9595-6f20580b25de,prepaid,2025-05-24,
5dbcb8cd-82c7-4446-aa9b-384529cf229d,8893267b-02ce-4730-a63a-54159e0d2e19,prepaid,2024-11-30,
8c6d0dee-20e4-46f0-a971-6f9ac63fdaef,67048f35-0be3-4642-92d7-bc2e6bc702ee,postpaid,2025-09-01,
d70fecb8-a96b-4575-bf82-6bb592a1d1fd,a94cfbd3-e7cf-4058-8ef9-2a59f612a561,prepaid,2024-09-07,
c590497d-3e5f-4b4d-ad98-4e74900abdd0,d62c2138-3c84-4a5c-a177-6d8daa9d79ad,prepaid,2025-08-14,
06f9cb05-584b-4c8d-a0f0-b9fe0b0beae6,a887ce88-596b-42e5-9851-724ca06694de,prepaid,2025-07-29,
bc10194f-599b-4dcb-b031-fbc7f9985a6e,150acb61-e4c4-4430-9c73-9de228213199,prepaid,2023-09-22,
7c2108d5-68fb-453e-a980-a423afb118eb,dcaa6857-f39f-4442-9964-edf686363235,postpaid,2025-10-31,
4b3185dc-ae16-455b-ab93-cf7f307d788a,a20581dc-86d2-4057-92c8-44be36b67ad2,prepaid,2025-09-27,
4f13b009-12ff-40b7-9b0f-4546fdab0b36,6ac3504b-61a0-44bd-86a5-9ac5320c27e6,prepaid,2025-07-26,
25dcc012-dcfe-415a-a536-d9a3acb99342,6ae29228-e4ad-4fe2-b0ed-7d75435764fa,prepaid,2024-05-10,
eea5a71d-04c2-410f-a696-5aeeeb1527f1,dee67c68-2d78-45b9-b750-e037e047a32b,prepaid,2025-10-11,
32eea359-6e03-4bdf-8400-8239d11ae321,2461bb5a-ce25-4a31-b267-28e35992452b,prepaid,2022-03-30,
2e6c472d-1a81-4def-957c-8d6d5ff3c542,f3912551-0442-4883-8e0f-e278c9dd5723,postpaid,2023-11-13,
230e49e7-005f-4a90-a73b-40e64822a8c9,0bbf7230-ef59-4fe1-97dd-761af9f3e0af,prepaid,2025-09-17,
bab6fd9f-c4cf-4d4b-93aa-83065a407162,6fe48f72-1609-4d3f-9d07-6e4d2adfb046,postpaid,2025-08-20,
4684e8a4-6479-4b55-8b7d-0ce78536d0e7,960d5230-7e5e-4c46-bafa-c6db17005630,prepaid,2025-07-11,
f194a39f-6007-4d34-b623-b3b736cc7057,199af45e-79ee-4065-8d14-71754b774c72,prepaid,2023-08-05,
6e2c232a-79c7-428f-aa3b-81f40f9b0301,21a6a074-81d0-4135-9c57-e4c1eb31a495,prepaid,2024-12-12,
05e1459e-192f-41f1-be36-a92b3854ca02,52c12091-cf03-42c2-8d87-9f7de9742126,prepaid,2022-02-12,
365073ad-388f-4e7c-ae58-3b1e2f27da08,db70275d-79b5-4268-98eb-b82d280ae214,prepaid,2025-08-25,
06f7a7f1-700d-4520-9eed-910a18672171,bb1db546-6457-4ffe-be76-ec6721c4b3fa,prepaid,2022-04-22,
9f35acdc-3c83-4c7c-9937-706785ceb131,c396370a-f85e-4d08-9fb1-0e9b34811a88,prepaid,2025-03-08,
e25f3910-c77c-4a1f-ac47-53164823a7a1,2c1251e4-e5c7-4975-aba5-7f74efea88b4,postpaid,2024-03-08,
7fe421f7-99d2-4fd4-8e59-91bebe7bfae0,0b3a9ce1-2397-4f62-93e5-0848871f942d,prepaid,2025-03-20,
1634bed5-1ae3-40b1-9d2c-0d655c653c4a,1e4e76dd-06f6-418d-a050-ca54dfcad33d,prepaid,2025-02-24,
9e0cfe1d-5b36-466a-9162-92d7b125b564,d9be1385-7068-4519-b39f-d45d97b06e8d,prepaid,2025-09-25,
2fcdf441-d8f2-4c23-b41d-33f3cd800224,178be19b-de6e-40d2-b073-7bcbc7db32bc,prepaid,2023-07-15,2024-02-24
a1ea0cec-18e8-4e9c-8c5c-c2042fd16fd0,2a822721-f889-45ca-be79-6b193ae592b8,prepaid,2025-10-18,
1c8798cc-7267-4a7a-baf9-b8335f256f0c,15daf091-012a-492e-adf5-06d5458d518f,prepaid,2025-11-22,
9a8ee452-7f4a-4d7c-82d4-bac5541fd6f5,4ed80c36-695d-4372-9ad1-46bb0fd8cfeb,prepaid,2021-01-01,2023-01-05
2cbddd8f-e153-435d-8ea1-6222f40242dc,8c712baf-5cf2-4589-bb31-580fe0373743,prepaid,2024-10-01,
1253fdbb-c208-4479-9eb0-1ff0716114d4,1fc55782-96bf-4bf8-8ec8-2ab6f04dfaa2,prepaid,2022-02-06,
16922a45-a169-44c5-9d00-29b041d20511,400f9b2a-a7b8-47a6-afbe-9f9e72c257b8,prepaid,2024-09-04,
169a5e40-8d03-4931-a66f-dd4851dd2544,af283d10-fc8b-4ebf-8ac8-17f8f7bc38aa,prepaid,2025-08-22,
9bbd997d-b046-40dc-b117-0fca8991e0ea,70076e82-8672-45ee-acdf-ff7b0071ca39,prepaid,2024-01-11,
1624a37d-2376-48fa-8e8e-aafdc176f1c3,8dcf0958-45ee-43a8-b374-755d5f1d5e99,prepaid,2025-10-29,
1f6153c7-2b34-4b72-b3bf-b2ac0ab67c01,6f4aafd7-5949-4e8d-b73d-627877562f33,postpaid,2022-06-05,
776c6910-b361-47af-afd6-85c0537a5e39,b5be0b66-7679-41a4-99a2-fe238336df33,prepaid,2024-07-02,
45b06433-7a21-4303-97e9-449bbdb7fc7e,3282ee91-0c5c-430e-8b14-952fc93f4558,prepaid,2024-04-09,
4356d866-e7bb-4903-b9f6-7231a6d58522,cc4a943e-892b-4bb4-8b58-9827f8d3e268,prepaid,2025-03-17,
08f19ffb-519e-4ab2-9009-6b1fc4d0a7c6,7adca3ac-0c5c-4e4b-a6dd-49857b166fe8,prepaid,2025-10-08,
0fd7b57e-6e67-42dc-8be3-6c33bffe173b,cc057f2f-b634-424a-a9fb-62b97f4d0e14,prepaid,2025-10-29,
e72089dc-0c5c-47d7-b563-b8868c2a960d,9252b931-9a9c-4b83-8ed0-00f275ecc9f8,prepaid,2024-06-14,
64e28f56-a710-41af-97ed-0b3f52112072,9c108934-b47c-4bce-9d01-2063a295c433,prepaid,2025-02-27,
4c1a556a-54cc-4bc5-818f-f4050247bfc9,79cc0298-ca91-45c3-9831-50bf99dc853d,prepaid,2025-06-17,
f97cc3ce-b9d4-4506-948b-c8cab8d54df6,0eb2d6df-63b1-4349-93e4-6ee820de4162,prepaid,2025-04-22,
66ab5ffe-62e3-40a1-957c-486eb0105fd8,41fe9b4a-afd3-4ef6-915a-79205036b448,prepaid,2025-11-15,
3293173f-35c1-42e5-9c16-d6fb028dde1f,f7cda326-e8b2-4f41-a8f7-cba12688b0a6,prepaid,2024-10-23,
9a7bb0c6-2ed4-4fa9-8630-149971e080be,de0c1092-c62a-4ee7-bbe5-80b8ae71a22f,prepaid,2025-01-08,
6bb486be-251d-491a-a206-7e6e1e0317a8,ed48437f-e24c-4185-8160-9c8a54ea7a24,prepaid,2025-08-24,
5bd3fe92-8f67-41c3-9f91-67802ac242a5,befa0a56-5820-47fd-9859-f86e67277bef,prepaid,2025-06-29,
31eba932-568c-414d-bf25-21362005cfba,59b451e8-2e9c-41b4-b88d-bb1255a2aa29,prepaid,2024-07-15,
db9bb290-45d2-4736-8d0a-2492960d6bf6,ec1e00cb-c161-4e3d-9303-0bc6f5ecbe9d,prepaid,2025-01-22,2025-10-10
b17270b7-19b8-413f-9583-2a4b559c4137,9048e60a-c7c0-4391-9359-3ef92a1034fa,postpaid,2024-05-18,
a4315365-8a25-4196-a3a9-ae50b4ae1e85,85d1620f-b962-4b08-bf67-d1e074dd87fb,prepaid,2023-09-19,
f20528fd-db78-414d-8303-fc995f3fd3fb,af995757-7b74-427e-956d-0a339bd0adb3,prepaid,2025-05-09,
3e9bccf0-a0f1-4e8f-aea6-b0e06e500bff,0e0880ca-a314-468a-9a7a-03324953d221,prepaid,2024-09-28,
ef6b9411-82d3-4bf4-9fef-c6f07e4f8133,ad81e770-4140-4895-ba9e-82710519f98a,prepaid,2023-04-11,
1e125cbd-2669-4623-af4e-c6294bbd090f,a44265f9-d83d-4c58-8b1a-603ff674feba,postpaid,2025-07-25,
5a66e1b4-72a8-475c-a1e6-c31a314bc615,714bcaf7-6d73-4f9c-a0ef-a22664f4ad52,prepaid,2025-07-26,
f409b2e5-da9c-4eac-8636-52baae41998c,ad551807-6904-44db-9b69-755c03f12b5a,postpaid,2022-03-29,
98d9abfc-1ef8-4937-8de7-b3702b5c8044,0ce44b25-6c66-475e-898b-05302e2883fa,prepaid,2025-02-24,
73470672-4eef-4407-ba27-7408109eae53,91b17b0b-a828-43b5-823f-85422c06033f,prepaid,2023-01-11,
d8c8ef7f-6b4b-407f-8a9d-b0fb8a0fc6e6,166c05f3-9cc5-4810-896d-a9f95e181cc7,prepaid,2025-09-28,
55bebc37-d78c-496a-8de6-e294cd778ad6,daa68d3c-47ee-4d04-a31d-e1b7bec8ead7,prepaid,2023-06-03,
80e7719b-8820-4706-93b6-ac0ed665ef75,aeb79a2b-7a54-49c1-8377-dcbc84695dcc,prepaid,2025-07-09,
e4ad9512-7c88-41d3-a160-feea98f32fec,0963705f-c275-4e1d-820a-1a2be3384eaa,postpaid,2025-08-06,2025-09-07
56232cfb-2f35-4244-afbe-759c4989f8e8,16d089dc-5acc-4db4-9cd4-ebde9dfcf265,prepaid,2024-10-02,
a91efb0d-56b6-4175-abc4-41cc38aba9ac,365a6dfd-362e-4a73-bc11-3eec362516c2,prepaid,2023-11-27,
eb652d82-3864-4748-9951-aeb9710e6c2b,06073106-21df-410c-9ed2-c7fb72325da0,prepaid,2024-01-04,
5b5e9b60-7efd-4b11-b7f6-933f2e9a1c23,f7cb6ead-a143-4004-8e2f-4999663499c4,prepaid,2024-01-27,
b2835967-6478-4131-8014-787fc0869381,3fd5fc39-8b85-467f-869c-7dde870b0cc2,prepaid,2024-11-07,
cf79a4ce-dfb4-43da-ad54-4f7d348a2787,d3221000-9dc2-468a-968f-162d3808378f,prepaid,2025-02-05,
00c8816b-ef4a-425a-a41a-de291cebdcf9,057623cb-aafd-4a3e-b13f-3467f0541875,prepaid,2023-05-28,
1267cecd-3669-4805-8592-beabeb4f41ad,46790fb9-7a0d-435b-93e2-c9c8d7b2b1a5,prepaid,2025-08-07,
68eec7b8-dedb-42e4-a5aa-7ca30c1a1d09,23cdef9c-e04f-46a3-bd82-bb7b2fa8a6cf,prepaid,2024-08-17,
f1a33708-bb5b-4af1-b27e-2cf48365b414,96c97e51-d5d8-4934-9499-98ebaf259ddf,postpaid,2025-02-24,
bb33a78e-e264-4403-8bb3-d68bd7660d72,4cacb7ad-1888-48cd-966b-18706f992727,postpaid,2025-07-28,
9d7d1a32-5f04-4c70-b82d-69de0ee2207c,016fe5af-1b16-4e1a-bbb0-5d4601bf565f,prepaid,2021-08-15,
38ff3ffa-f68e-4513-9111-ea70aa231b73,20f30a4d-72fc-400d-ac3c-ed07f7c74764,prepaid,2025-05-25,
d919a6be-53a0-4409-9c40-a4408696f4cc,f6df988c-1c8a-4c0d-8d22-4b051413df1d,prepaid,2025-11-01,
f33c1ea8-aeda-41f2-b548-b85763a8593a,7aedc274-fdc9-4e78-8b3c-f77384af1591,prepaid,2023-05-21,
f818b782-bfd6-459f-9dc6-c0eecd500c8a,978dc3ff-97ab-45a3-b377-a6b7f66d8a0f,prepaid,2025-01-26,
04cf4ee0-ab60-4692-ad11-bb3b7267970d,a0c60f4c-0f30-4f03-a268-8b44f1795955,postpaid,2023-07-18,
1471f0d6-b54f-4313-8da5-928d141e2fb0,3300fefa-8e88-4d08-859b-bc811d0a6eef,prepaid,2025-06-21,
ce7459d0-66cc-417d-8b73-4e7ba5256adc,c138666f-712b-4af1-8672-e622dc5a9b00,prepaid,2023-05-27,
a05f27e4-ac69-4557-8b03-25732f213828,968674f2-e5a9-46de-b621-f496a9539aa8,prepaid,2023-07-15,
d187c0e5-1fff-432a-aab8-5bce64ad78b9,792dc146-b7bb-4d72-9532-af237e266b12,prepaid,2024-11-15,
2e844fb4-7861-4600-8923-b02ded96a282,9e2138f3-a291-4927-8616-a04dabb47e5d,prepaid,2025-11-02,
f854da0c-1138-46cf-86f4-c783098f8fd5,5a77f8bd-2246-4f21-986d-75c4c4d2c2aa,prepaid,2025-07-26,
4177fc38-cc85-4f4f-945d-43f8bd9562ce,a50046da-8c85-485b-a495-4a22ca0bc7dd,postpaid,2021-11-05,
4298e609-8622-4f1b-b459-e68df7a0c070,46b8a318-f29f-4a3a-b4c7-c135b98800a6,prepaid,2022-12-01,
62d95376-77cb-4839-a978-8f32850dac61,71bce9d7-b91c-4ab1-8031-d72877fecf8a,postpaid,2025-10-03,
0dd4c563-37f9-48c9-bfe4-d2a772d1335b,b3afd8bf-44f4-41a3-8ef0-0344be43c259,prepaid,2025-03-08,
f3064e0a-4f42-4859-bc9d-589e69c5a4a9,c1136813-9359-43ef-81c3-be3ef76d1e07,prepaid,2024-11-04,
9d000104-31be-4523-97a1-fd70a8e5f1fd,8ee82f94-ed30-4b2e-93ef-cb30243d8998,prepaid,2025-02-17,
5fb2f86a-fea7-4713-970e-de66ae938b7e,a567fc04-2886-43ab-9f47-fc543e84d8ee,prepaid,2023-12-21,
6c12b898-595b-4b55-aa0c-a167c26c256f,0c7d2a46-93f1-451f-8d6e-9f71e20a9837,prepaid,2025-02-16,
d5133f59-e31c-4f58-b49a-15b711c32008,12b9b70c-23be-4be3-8342-0fadbd46ad45,prepaid,2023-09-27,
9e894d2e-24e2-43ad-9c09-7d7642385e4d,5b180624-8585-4799-9694-5c8e1c053cfd,prepaid,2025-08-02,
ad987d67-f127-4bba-8996-be272464c828,f2321a0f-8d16-4119-b9ab-1e6ab5678a34,prepaid,2024-12-17,
b7354df2-a2cd-480c-a6ab-02f6766bcecb,b16f64cc-2417-44bb-a647-72a67fd74d7e,prepaid,2024-06-27,
e4b3a3e6-31e3-4104-baf2-5176461bdf68,c3bb2450-1b8b-4541-8350-f0564b41285e,prepaid,2024-07-16,
6ff38c52-3cc2-4a83-a5b8-c69a7edb791e,e1e7f21b-f059-4485-8466-584f18afa50d,prepaid,2022-04-30,
b6b7b492-90c3-469b-8e2a-df0c2bd36151,fdda17f7-1fad-4532-9600-4dfcbc7c5b7d,prepaid,2024-04-01,
e393d3a7-6b86-42c5-98b2-ae4da2007073,32cc169b-0ed1-451e-a9a5-337525bb7026,prepaid,2025-04-15,
bfcfdf1a-15be-4a13-a52c-596ff67a3b88,881e3d70-8c4a-4786-8978-42d5eb8839f6,prepaid,2022-03-29,
686c0396-aa2f-4229-a95c-deb28e80a24e,00afe6b1-b443-4139-9a24-1525d380a644,prepaid,2025-06-18,
02018ba5-c6aa-40d3-9a2e-358860c4657d,c58eff27-27dc-4398-9bc0-78b4c88283de,prepaid,2025-06-14,
a25c624c-d5e9-4ea9-ad5d-df4cbcbfadf6,365803a1-13ba-40e5-88b9-53c07a2e0fc1,postpaid,2025-04-06,
882d078b-98f2-4f40-bcb2-249964106b91,2c2b084a-3025-49c7-b2d3-474561c1ad4b,prepaid,2025-04-24,
724d7fb7-902f-4aee-a334-4dab9566beb7,b71decf1-c4d8-47b4-bbf8-adcf8d0384e0,prepaid,2025-11-21,
5b23a13b-9cc8-4972-8190-906f70afd98e,13c7ef3a-a555-4cee-87ad-3fd52f6a46b8,prepaid,2025-05-23,
5d25e295-33d2-4ff7-a7e8-c1947ff951c8,f03f523a-9bd6-4bd6-bd1b-bc68ae0a7f9c,postpaid,2025-05-02,
deda03c6-c8d4-4f15-8d69-2454d5a0ef33,4666ec99-b6e6-4f5f-aced-e6d06ce5a36a,prepaid,2025-05-25,
a2bfcad0-3e10-4a58-8320-7a4af784ad50,703f33f8-b5b4-4639-8b32-38333067f623,prepaid,2025-11-18,
5da612a3-c782-4b1b-999c-eb536627de5a,eb2695cc-a666-4e7b-8023-04ca87eb5a06,postpaid,2025-11-03,
5aac59a5-7006-422f-a58e-6912807ba7af,130e6bb1-5f00-4234-bdf4-161254d4976b,prepaid,2025-06-30,
f3f1f519-e4e3-4891-8417-141453e7bf29,9505e200-7fb0-47c3-b883-0fd393aa390f,prepaid,2024-03-23,
c3b3d4dc-1775-4459-8d17-2f7b7eef91ca,96268bf3-2100-4672-9640-9c8bd368e3de,prepaid,2025-05-27,
3d265e88-17a4-4441-a05c-58446166037c,bee582b4-bfc4-483c-85d9-5a5342b6d1d0,postpaid,2025-07-29,
d184d339-835c-4c5c-93e9-697fa6e77c97,8d5144b3-8145-4716-9b8b-d21d6bb555cc,prepaid,2022-01-01,
eee7f387-dc11-4abb-bff6-86cc4788907b,1eb3555e-b634-4b1f-b748-64208251d492,prepaid,2025-09-01,
e8088fb9-6238-41d1-b018-1579efeed371,977dce5c-ec44-4bd9-8b0f-c36886728b89,prepaid,2025-08-02,
6016eb9b-bc02-4f5f-8980-af1253df8a4b,5f56f4b6-c4a6-47a9-a762-6154d162060b,prepaid,2025-06-24,
26c4bf94-9b4b-4506-a5a0-67126ac14a16,0d6fca0f-e422-402a-9244-08172e178234,prepaid,2025-04-09,
5e92542f-5814-417a-b4b6-35abfc74bffd,7f162e32-3ff1-4683-bf51-eb83c6ee73e7,prepaid,2025-04-14,
0194348f-417b-4abc-b314-0b34e40c3cdd,9e86a697-f732-419e-8a1f-843c1b9a94f6,prepaid,2025-11-10,
fb6e0a03-dfac-45b0-aa9f-d8871ef54ea4,d5c4bd19-8c57-4ff2-8503-da87a21a2a23,prepaid,2025-09-03,
04f0783d-ef46-4d5f-ad8c-cd3ff84725e3,2538ade9-1f2f-48b7-92d9-2f361126368a,postpaid,2023-12-09,
ae22fb3c-b4df-4bf7-9837-d873365e624b,622ad1e8-2120-4e77-a554-a074c9df45e2,prepaid,2022-10-31,
bbf52d29-9d71-4b6c-b7c5-4f883da767f4,e189cb82-3a01-4c79-b630-8fe50d1b1822,prepaid,2025-03-30,
f2375c77-d2c9-4000-98c3-13af2ebbc38e,41f9157a-6106-44a1-bbaa-d864bcbb684b,prepaid,2024-04-18,
70cd7722-c9a9-4afa-bad8-44043f43e1d4,1919ce46-2d46-4457-accc-f94a24cdcb2e,prepaid,2023-03-13,
73c76b6e-5a6a-474d-ba73-247e4e6905e1,22145936-f63f-4406-b621-0d8d0983857d,prepaid,2023-10-23,
b23ef854-84b2-4a3c-87a7-42008b5c943d,2ae08393-627f-4d04-9d32-33d51c27e7f7,prepaid,2024-11-06,
a0680463-ae38-4ead-bc41-4f6b57b8b687,3affbe26-cddc-43cd-9d88-2b3428cb748b,prepaid,2025-09-12,
c603d764-edb5-4259-87a1-c30d032f6c06,5ceabb7a-8b2d-4f15-a009-9d4f65613e18,prepaid,2022-05-28,
1a9a755d-a9a2-4d21-8ac7-c88e2628cd93,632afd36-9006-472c-9d64-0bc732cac604,prepaid,2025-02-14,
752d7de9-3fd6-41aa-ae6d-d94fb0305b2b,438864ed-6ba5-4934-be7c-c812f2965d53,prepaid,2025-11-03,
10a816e5-b000-477c-9999-b908254a313e,b07e2bdd-42f6-48d4-a513-ace181427bf1,prepaid,2023-04-09,
eca90ed1-9c6c-46a8-9f61-b176ae25c745,31d54ee1-0b52-43f0-a25c-03352ae36c92,prepaid,2025-03-11,
9722735a-f307-4fed-9494-4e21a5e632ba,799307c3-f021-4778-b405-fb844ac44f0e,postpaid,2024-04-28,
01316ecb-92dd-4c73-81a2-ece40c3d2917,2563616a-9b68-492a-8b0e-3555751a195c,prepaid,2025-03-19,
1279bc78-e2ce-4846-8148-6f86dfda9064,922e5473-34e0-41e2-9772-3c551458833f,prepaid,2025-11-06,
44b53104-5471-4aab-a82f-a0b67dd6ee67,c78a8793-7b9e-4d08-b1db-5fa3cac577d8,prepaid,2025-08-09,
3e4d42ad-2ba7-4652-ba71-e73b3ef441b5,5afb6591-74a3-42a9-b47d-d124139f8ce9,prepaid,2024-01-17,
d9ff795f-32d7-41aa-b7d1-acecb5414c2a,11d02ace-1cb1-490b-acf8-e69c61c340bf,prepaid,2022-06-24,
dcbdc037-fcec-4c2f-ba0b-e3391eb7d827,b6323b85-ce86-45f8-ba52-c00cf2c66f9c,prepaid,2024-05-17,
efa8a908-e8ba-4453-89f6-6797361a2de5,5f8bd506-d869-4228-81d2-be135080f9f8,hybrid,2025-10-01,
657f7aa2-d00f-455b-8d3d-5a587949d149,73ba0f56-f401-4ee8-a0f9-33e2ed5ddde1,postpaid,2025-10-25,
9e11fca9-ef30-422f-a7e4-d07adc55aa59,e8d14935-ced8-43c2-a521-f5fb31d35173,prepaid,2025-05-23,
9a1617e6-c1eb-4667-910f-e90d8d69a676,8ff601e5-9253-4dd6-8129-9ca6332c319d,prepaid,2023-10-28,
660c648c-9f33-480f-b278-6cdeb8b461fb,4955b65a-6a3d-4ca9-b3d0-8670caf886e4,prepaid,2024-08-19,
4dbc980b-08e8-4d6b-96e5-d0846b74695e,fed84f8b-d0b4-4764-a1d6-493eef69a21b,prepaid,2024-11-16,
6ff6ce54-5062-4a61-bea6-55424527a092,43a3125e-7c0d-4e96-8308-a4edb66c3fad,postpaid,2025-11-18,
fb3a3067-5648-473d-a670-b286651a5a7d,cbee70a2-c3a4-41a5-8094-90778f2eb6c8,prepaid,2025-06-04,
e6d1011a-d897-4f65-a703-00aa395d7ca6,eb86f74d-17cc-4189-9881-b104e5bc49e3,prepaid,2024-01-26,
eda5d9f5-08a3-4ebd-a70b-5f6f5072e1d7,f94de9ae-ccfc-421a-ac72-f0c9762532e8,prepaid,2025-11-14,
447afa7c-b18d-4e69-92b6-dd37691491f4,c70de91b-aca1-4bd0-a895-7bf94222413a,prepaid,2023-02-24,
8976a346-f96e-4361-9aa4-de0edaf321f4,6c1f9934-de91-40ef-becf-934f7cedd1f1,postpaid,2025-07-27,
ea366913-5f53-43a7-9653-2ca012a880c0,726d7f24-2026-4326-9c1b-6f1c1e536b07,postpaid,2024-02-06,
2a575ad7-5fb5-445f-bb71-2ab348b8a647,358cf8d0-f4fa-4c50-9c00-b2ba3b6c8a6d,prepaid,2024-05-01,
679f6160-6e90-4e04-9ba7-5c38ae74a28c,425f7bf5-c4f8-4f9f-adde-30235dc12b21,prepaid,2023-01-03,
14b6179c-6db1-4bd5-9f9d-45b0b53cfd57,1b4b997d-e5bd-4ebc-9414-afca84bf6612,prepaid,2025-07-28,
366bf1aa-9169-4994-bb86-c7ddb5928ec8,7dcf0831-2804-4c77-bb7c-0d5d2b6db0e3,postpaid,2023-09-30,
e086f3ca-ac86-4581-82d5-ee7e35521cd5,954209b8-a4ab-4d9b-8380-acebc7a51ea7,prepaid,2025-04-08,
94357cef-e3c2-49f2-86bf-b8dc95b9c4e9,2087faf0-27c7-4589-80be-796290b4a1d2,postpaid,2025-05-01,
1e19f0f1-d680-4263-ae6c-83c8ccb113fe,5e3e105c-cf11-4be0-90e6-0eb05b41b3b4,prepaid,2025-07-10,
29cbf78f-46cc-4d0c-84a3-c32999137e7d,98408e7e-56ac-49e2-8cd7-4828e4f7b3ae,prepaid,2024-08-31,
aadd8bdb-1a84-4293-97b1-616d67dd0690,58e15d83-9f94-4d96-af17-04f7c7c2463c,prepaid,2025-08-07,
a2c34cba-554f-4bfb-b688-31bd0e86d9cd,fbb53af4-f943-4467-aa17-50eeff07d66c,prepaid,2025-03-23,
8e221b36-9d57-430d-87f0-75ee0a51d5c3,7bc15a5c-d660-417a-9bee-ad8e1d84b3f3,postpaid,2025-11-12,
e284888f-18b0-4f9b-856e-fb0fa4b8272a,3181444a-389e-4c02-a0d9-1ca05c831235,prepaid,2025-10-10,
db52a33c-9779-4dec-8174-af05175ac0f2,b8472154-795f-47ad-b259-5066ccfa63b5,prepaid,2022-08-26,
ca04ce0f-9bf4-40ad-937a-aa7691294bca,43c0a788-2f2b-48b2-9ba1-aa5c96f95d70,prepaid,2025-01-31,
777c4e7b-2799-4325-8da8-2a3a4daf0904,70e0ea21-72ca-403d-b67e-7f86b0483fed,prepaid,2025-11-12,
44403ebb-0fda-48ca-adb1-b142e3e522a4,63bcfc1b-5d56-4ab3-824e-119c2053a9d0,prepaid,2024-07-10,
869d1496-b723-4e22-a8d6-489f045af4f8,e60cd297-2234-4237-8ced-a9ddf65f91c0,prepaid,2025-07-22,
2716aa96-0be9-47e4-83c6-fa6817482d0f,2c469e39-282b-4a18-97f6-172c0b0c272f,prepaid,2025-04-23,
ad3bc2fd-9f45-48c3-95dd-3f691b80b970,2e88d4dc-606b-4797-960a-833d9f76e889,prepaid,2025-06-30,
99be1b96-f382-46a2-adf1-ffbf9dbecccb,f86464ae-fdc9-4bcf-80c0-b4002f8e7463,prepaid,2025-07-22,2025-11-06
99a510f9-75cb-44a2-8eb5-775fcce70a82,b353137f-18ba-4b64-a037-5016725b72c9,prepaid,2024-06-25,
c0af71b0-4d2c-4376-afdc-40aae5f706c9,95ff1d11-b6d6-4bc5-a75a-9897c5d6bf25,prepaid,2025-09-11,
18081ebb-67ce-43c1-beab-4d34ba8fa05a,efd1e50e-bbba-43a4-bf22-ccb455fe8c0c,prepaid,2024-05-12,
f3c50e3b-598e-49b8-a157-1470ccf63f45,658ab013-85f1-4387-ba1e-5ff662439be2,prepaid,2022-07-13,
51fc6196-9c76-41a2-a0a8-1100ae671ec4,a0a3bd26-a61f-4f6e-aca4-d9535f4818d6,prepaid,2024-02-15,
50b29ce2-6cd1-4c77-96e7-33a6cd5aa980,f37cabf6-8543-49c4-8d28-99f8a7ad5698,postpaid,2025-06-11,
34993456-7d09-4d4a-b217-97b765ade2a1,a1a5339f-09e3-4306-8909-29e53cffff17,prepaid,2024-12-07,
36d2c593-bcb1-4c85-a08e-f960415e7e3d,0271b567-2256-4bb1-9068-05bd2321e903,prepaid,2024-01-07,
0294f8d6-b4bf-40fa-9267-518149d9a656,87de812f-0846-471a-8989-58a2b2c1ba76,prepaid,2025-10-30,
85683236-32f7-4554-bc11-e83bf525e728,de599cb2-0c47-406c-bae3-65eaf8248c9e,prepaid,2023-09-27,
f97721a9-8bc5-46db-9e97-c454affe0193,2720e021-b264-47a8-aeb1-471453dd6b2a,prepaid,2025-09-29,
e853267f-eb8f-4042-ba16-9961057a1c98,c75ad50e-c442-4d20-b922-91b6c901b5a6,prepaid,2023-03-02,
04a58bcc-e1ee-4cba-9712-af4fe1a2bf65,d98d423d-b86f-4643-af6d-55667007fec5,prepaid,2024-07-16,
7fee9f9a-5399-4340-ba62-e05dd9262510,3bb8d0b2-448c-4c6c-abc6-9e14210c4004,prepaid,2024-04-30,2024-09-17
2cb92950-da73-4bbc-bf6b-2f7943c16a63,e35ad1d1-bd42-4b48-ab6b-5627810fd2ae,prepaid,2024-07-13,
7af9b9bf-d8b9-40bb-a265-39ac8cd5754a,62945345-6658-4802-a8ab-7f137889ece6,prepaid,2021-05-28,
245269e9-d019-455b-898d-1173ad7dd4ea,85277f71-b9a8-4aa7-bc29-a6ef29a31946,prepaid,2023-05-04,
f37de995-3a5a-481c-8a1c-ffbb39b831e9,00b40239-87e7-4594-88f6-bf1caabfc47c,prepaid,2023-12-25,
37106a46-ef82-488f-9804-42bd9f2a103a,1b3b93ce-e3b5-423d-8f7e-dcfb07009675,prepaid,2022-05-20,
cf6867c6-e757-47ad-9e5f-c441d2d22ed2,942940ed-08ee-4352-8e30-0052f63f919f,prepaid,2024-02-27,
994b3fc1-3094-4ef6-a021-cf5fecf8393c,c92a8cd9-3e6e-47af-a294-2d12e4de467f,postpaid,2024-09-23,
0dc35016-8359-4f2d-9b8e-6b9e7ef7cd36,acf16cb0-a767-49e8-b936-a0b5d0eaf068,prepaid,2025-09-26,
7664ed17-be42-4d82-a614-f38fde09eae5,c30929ca-c566-4fdc-8014-33f5d830ea19,prepaid,2025-11-07,
a0968783-7401-4a34-8123-a1eeb2b7b2b3,5c4d0f40-5ea7-4828-bd5f-47fe7ab4fa02,prepaid,2024-11-30,
0c8066b1-fb48-436a-a62f-a0e91e3bd3ce,9a2ae46e-aecc-487c-8ef5-cfc2c55f74c8,prepaid,2024-12-22,
4c1f3e9c-e094-410b-968d-fbdb295b054d,cb4b1c6f-403e-40b4-829a-61a1b9a3f59a,prepaid,2025-11-01,
10991839-4274-448f-8857-7f6336d166d8,79099804-0b3c-4f16-8f46-188d548cb6f1,prepaid,2025-01-17,
6ed9da17-6e8d-4829-a393-795e5f549285,ba22841d-ca41-48c8-b65d-716d67540314,postpaid,2021-11-09,
33fb3d9f-86ae-474f-8399-7283e4adf221,45110953-c891-4460-850f-b980ad81b227,prepaid,2023-07-31,
09bc9e7e-7b0b-4a9c-8c71-53c3279921d4,2f355e5f-b5d1-406e-b01b-92a3665e566f,prepaid,2024-06-08,
3a77ce4b-bd88-47bc-906b-876c213d2360,18369043-eee3-414c-be8a-2d531b020ae1,prepaid,2024-10-30,
4311799a-b68f-4fbd-80a6-47ea24d89a98,5e62b258-6ba1-4353-bf61-1ad644218335,prepaid,2025-09-09,
d99a7fda-1042-421c-8843-bdaeb48e4bc8,03f57ca3-f08b-40d7-b94d-e8d988fe24a0,prepaid,2025-07-21,
e6b9b844-273e-40e7-9d9e-a41a56eba208,a86aad4f-fcc8-441d-b852-23e7fe3bc8f0,postpaid,2025-08-19,
432bc68f-7431-4683-809d-62aa75e6e7d2,99f4a681-6b16-4d88-9771-c5b1ea86c535,prepaid,2025-07-26,
c6f2dba6-e773-4374-8905-40e950348dbc,18fdceab-a6fe-4b4b-a334-bb5ee1c945fc,prepaid,2023-07-12,
1c74d6e1-1e8f-493f-b4b7-587a9f92fcf6,88d5a654-ced5-4e15-ba4b-5bbb92359b98,prepaid,2022-11-04,2025-07-08
d94f4cf0-a36c-44bc-9440-d29fe09eec8a,e2e78cf0-372a-4bc6-bb14-1e0f26316f9e,prepaid,2023-03-30,
d2d5ba2e-d668-4695-85c8-175091258326,43d4e37d-abac-4917-8e6a-cf5b9d448430,prepaid,2023-12-31,
0f1043f8-1b93-4342-9999-bcd80e526efb,16e413e7-95d9-4afb-b1e2-ae09ce4c9b27,prepaid,2023-12-04,
47ba7b73-08cf-4c2e-ac4a-6de2b7209307,ce5826bc-3ea1-4ddd-a4c3-93f9068ac624,prepaid,2024-05-14,
ecc40a6d-115a-4a37-9071-7485e5d69fa1,7f4b5632-304e-4e5a-b82a-06484cc26d5a,postpaid,2025-09-13,
85f70cd9-1fd8-43a5-8722-9f5793f5855a,767169dc-8915-41d0-889d-2c9f1848c269,postpaid,2025-08-28,
6bc8e852-82b1-4484-b0b1-6a62ad555c99,8161104f-2a8c-4d52-bcc1-c9687a7d05f5,prepaid,2025-02-13,
0262224e-60d6-4916-bf85-81649d736b83,6bca2eb6-f51d-4433-ab1c-38bcbe0f75cb,postpaid,2025-02-13,
428416bc-99e4-481a-b177-360ebb3d84d7,d1ac5e78-7603-471e-89ec-943906660d2f,prepaid,2024-08-23,
c87935c8-4655-4b1b-8435-c994009d4caf,9ae0539c-de51-40c5-a770-bf9495090c08,prepaid,2023-07-16,
48f493cc-bb8a-4184-b9c3-33d5d144ad2f,fe5f0067-8f76-4919-a957-a98eb853c999,prepaid,2025-07-15,
db273ef4-5c9b-4b7d-be21-25032b145a00,a133ef05-3299-420d-879e-2b3f5c1e3779,postpaid,2021-12-06,2024-03-18
bb0542ed-e147-43c7-9fd6-2781c1a5864e,1956c1b4-5d31-43fc-8602-0005a2f1bfb5,prepaid,2023-01-12,
93d27e5e-8d6d-4095-9069-6a198920377a,76309d9f-8b4c-4446-9279-e3a595d27723,postpaid,2025-04-12,
df8494df-3633-4061-928e-bbe65b457d61,daeb8d74-96a4-4a38-93aa-ff1194144166,prepaid,2023-06-21,
5df59b5d-f5c0-4c92-ad4a-6d0cf0b030cd,f36cc194-ab20-4617-b82d-706d4d2fa632,prepaid,2025-08-22,
2b616fe6-9a77-4f73-9aa1-4f2cea5c54f2,f574de08-6b97-426e-bc4f-c313a48e9784,postpaid,2025-05-16,
e346e5b0-8e1b-44e3-8e3c-711703371f3f,201dd624-22c0-4028-b66e-7138b095a2e7,postpaid,2022-03-31,
a889d577-2f7c-4bbb-a2eb-c0690d9509dd,d67497ac-8e9c-40d0-92eb-d743cf189fd2,postpaid,2025-10-29,
4ec58284-43e6-45bc-bfc1-ed4e42aecc3a,d96cea96-3708-45bd-8bb1-b4a5c65964a8,prepaid,2025-05-30,
ab261e8b-4522-4757-9edb-f40493a82a90,a9c4c5f4-6ee9-498b-9087-2425b64bd100,prepaid,2025-10-08,
ce206926-2181-4034-98a9-86b99e6b9b70,306d16a4-c66d-4d77-be60-674bd36f3969,prepaid,2025-06-17,
77a3fe12-d997-46c0-b1e0-9fdecfd39817,74bc3ab1-9912-4afa-b9b0-9072a491fe04,prepaid,2025-04-27,
19400731-39da-42e5-b0fe-860cae84735b,956b5944-2b16-4093-b9d2-7c5cd531f0b7,prepaid,2025-09-12,
0e7842af-9de7-4f7b-96f2-e9f5e3523a39,7a143a6f-4dce-4d8b-8074-85133478d638,prepaid,2024-02-03,
0e455f15-0129-4ed5-b14d-ed10310a395e,3a0559b2-e516-4bba-ba6d-0f5917210695,prepaid,2025-08-17,
e7a298df-a27f-4f62-837a-4de043e97b07,786066a9-e19d-4033-9380-7e705502fc92,prepaid,2025-07-30,
5a0ceb74-042e-4f92-84dc-0a636ddb1d23,70f8c487-e607-4923-9e4a-33897ea7578c,postpaid,2024-05-28,
95ab8f4e-16f9-4f4b-9939-fe194c7ceda2,8dc05fd3-b55f-4d89-b886-c34c80fb849a,prepaid,2023-10-27,
538e52f6-fe1f-403d-bfe1-33b627b632d4,3f728076-70ed-430d-a0e9-f961a28df035,postpaid,2025-03-24,
0dd249c6-b9b6-4740-9d02-48a436769fca,b49e3944-b664-4fbd-881d-b379a480e236,postpaid,2025-06-28,
2cf0e376-ec87-40a3-9e61-d7e99f1bf352,f560d417-0de7-4264-a641-5fbf94918428,prepaid,2024-05-26,
770a58d7-451c-4c81-80fe-e2bb00d7befc,99bb2216-e3a7-49e2-8097-fe4742dc5cdb,prepaid,2023-12-03,
77c58c95-b72e-47c5-86fe-45ac26a932b7,6964aef0-ced8-472d-b57c-0f9e2a0088ff,postpaid,2022-11-17,
167c4059-933b-4a61-8511-152901e0b216,e3c3fc4d-ea8e-465a-ad0f-864e6ea7e51d,prepaid,2025-11-23,
64215c81-1832-4855-9302-411a7914c625,8d6ae879-11f0-42d2-9f28-500a169d9414,prepaid,2025-06-16,
a5f668ac-bef0-44d9-a30b-8f5057712628,b67cac62-f65f-4863-889d-93749db7a8b4,postpaid,2024-08-17,
aec13294-e8ff-4dd2-9800-51514ad060dc,7cabb3db-a359-4680-83d7-1bda0ebc139e,prepaid,2021-12-03,
9d5aa657-6840-40c8-a968-f155d641751e,8464901e-eb41-4d1b-be7f-2e0adb5b95ee,prepaid,2025-07-02,2025-11-12
0e9f5143-3a2c-4924-aba7-7941168e106f,075ba95f-cea5-4034-86ec-dde12b0f2f30,prepaid,2022-01-16,
29e4ecbf-15bf-4039-8bc0-482480503807,84ba479c-3ff2-4ea0-9a4d-cb56a63044d7,prepaid,2023-03-14,
291c1f4e-d4d2-4edc-af1c-3e5cf79aa45d,5edff556-e200-474e-8486-1622142d6af0,prepaid,2024-12-09,
3f5bc0e7-243b-4427-b514-16525ebf0036,a4c2267c-b66e-4645-9da5-32c5fd03a46f,prepaid,2024-10-10,
76f6b71a-dace-4f8f-b7c8-a4aa724a4e25,e847715c-a02c-4fb0-86bf-f1f4c0cf2be5,prepaid,2023-08-11,
c7f4fe4a-0715-4f26-81bc-89a31e70dac4,c3a5b1ee-f0dc-4c61-8b3d-e4edcd4f1534,prepaid,2025-09-28,
d3ee4a12-4616-48f8-aeb6-891dedbbd9af,1263a6a7-83f9-40d2-9cdf-bf68ec430caa,prepaid,2025-01-09,
19163ce6-9ffa-43b1-acf5-e3163ace07e4,291d4d72-5eb9-4b42-b2d5-11a419c255e5,prepaid,2023-01-16,
8488ae1f-4905-468e-b39d-e12b8dd4710e,ce389406-97a2-4a91-b81d-be2b400591ff,prepaid,2022-11-15,
62019cb5-5164-453a-8349-49c2df03bdf7,c21b5463-8e53-4388-9fc3-b9c3643d19a0,prepaid,2025-10-20,2025-11-19
ee8e5e86-4126-4019-b090-beb347813f1d,11557874-5e1a-4593-8b31-482796fddf70,prepaid,2025-11-22,
8772c347-d6b4-4f7c-9f80-c3c3ab12a683,88195c11-91f2-4fe8-9a6f-654eb86a68e8,prepaid,2024-08-08,2024-12-15
3240179f-ee9d-45dc-b7d9-0567f70e1b2c,c9277141-e8f6-4402-a444-0bfb1f2a6ef7,postpaid,2024-03-04,
5d1f35e2-a1d0-4c93-a1f0-b7db318284fe,044b3a66-3d68-4095-a017-1ee2c0095dd9,prepaid,2025-03-06,
d040389c-baad-4eab-8c2a-ac1e57b773bf,cad2df0a-80a4-4a66-980a-7a9c249feb69,postpaid,2025-01-24,
5afed4cb-304a-4b07-b17a-64fb6e5f17bf,dd37ec8c-66d3-4446-9923-0bbb8cb6b2d2,prepaid,2025-03-02,
02d9b85d-0e70-45ec-a049-67d80d5acab8,694d41ad-ad86-40df-96a3-03c64bc3cbce,prepaid,2023-04-22,
b2793480-226d-4752-b346-65f32fdb09ca,744bffb4-c84e-4711-96b1-be7c99faff3d,prepaid,2025-09-23,
d0a44e18-a52e-4fd1-91fc-261610512f2d,7ad888e7-b790-4ada-8474-28f56fad0552,prepaid,2021-12-22,
5bd49458-d19e-407a-b73f-82f1214ce694,b839f074-12aa-439c-aeb9-443ac3d78107,prepaid,2023-05-10,
a7b6d7fc-9bb0-4f77-975a-75087d2c5028,9a030e1b-6b20-4068-843d-a97ecd241610,prepaid,2025-05-24,
5d0e757b-85d4-4e61-85e0-4606c9a57075,dcaa6857-f39f-4442-9964-edf686363235,postpaid,2025-10-24,
20e71809-692e-4910-a6c6-adc925198756,fae30c7b-5bd1-42f0-9ee7-9c828a8258c3,prepaid,2024-07-31,
d2c4dc5f-7cdf-4e59-a4c3-2b935df03fae,2b224efb-f23f-40c6-9c1a-ee240cabc3aa,prepaid,2022-03-10,
45d57557-330e-45ad-a619-c47393aba397,c3fa620e-d45d-40c1-9663-dab131bb9864,prepaid,2025-02-03,
c5f97a34-8998-4802-b34b-150aa87c7ffd,e0ebffe6-bd00-4374-b3b9-7d7c9abcb29b,postpaid,2024-08-24,
191f3522-2030-458e-8bd4-7410511e94d3,111ba13e-25e1-4d59-b352-8b3a0fa75b85,prepaid,2024-03-16,
c1663df0-f5fe-40eb-be0c-375f14b464b2,0fc1f85c-9a93-4028-9033-5c9d25b0d3a7,prepaid,2022-12-06,
b1509207-3492-4303-af69-b7f93e7738bb,897def70-a8ce-4008-ab19-b021e37a5e88,prepaid,2025-09-15,
70e8ea4b-196d-435a-890f-ea3054688561,8f211834-d40a-4aa7-8b9f-c78acaa51611,prepaid,2025-11-22,
89384c62-e242-4c21-93ff-20515ba9f5e6,7a0711a9-9607-4cfe-8e78-921590b86c5c,prepaid,2023-12-24,
cce1bd75-c156-4d9d-a985-bcd2f45e8b6b,987da5eb-4849-4fd7-94b2-9256e5eae138,prepaid,2025-07-28,
cb42dee6-c271-4a04-9c35-e4db60de82be,a7bcef66-cbaa-40f3-8d25-443b083cc1fd,prepaid,2023-08-06,
48f8aefe-640f-4f2d-95ca-8690f53f2741,5e3beee3-d765-4706-a76d-e8333cd1c4cf,prepaid,2024-07-15,
258bbf37-3f7a-45d1-ba1f-6d5b1033e8da,93cbf338-03dd-4ce9-8bb9-259ad842e3d7,postpaid,2025-04-12,
95346e88-1c08-4a1d-92c8-03d58ac74e50,baf0ea62-880c-492b-9d28-c9096419d1b1,postpaid,2025-10-13,
a67ef82e-cba3-454e-a078-53aff9f4ec7d,df23a676-dfd7-4877-b0d1-495695b64be1,prepaid,2025-05-30,
d1d8f6a7-86bb-4c94-b935-1cf8a8c9620c,fff0734b-cf64-4319-aaf3-02b690188cac,prepaid,2025-11-08,
41d9a885-fe06-4444-9d7f-81cf3eca32c5,4a09679a-4a65-479c-b1ea-4b057cac6728,prepaid,2024-04-08,
37968fd7-4d5b-477e-8987-721bc20d3bd4,fafa4906-db18-443c-865d-124cea9bdc33,prepaid,2022-12-29,
eeb2ba64-ef94-407a-bed1-0d2f9ca1ea13,2d4951a6-d637-4725-94d7-c515f376751a,prepaid,2025-09-01,
3c3d8909-d296-4db2-8d2e-34e706c36936,026ab36f-c03d-4ae1-b00d-45687174aea8,prepaid,2023-08-10,
c938ffa4-1d9b-4401-bf25-2096a74f7f1d,35c4b385-4341-4384-be8c-06cff5eb5754,prepaid,2025-07-31,
0c479ea4-bb97-4b63-ab38-8613ba6fd251,3eaaef60-c6a8-455f-9874-b7d4606d989f,prepaid,2023-01-02,
7a594e82-4329-4e76-a72a-67cfbe45216b,671e06b6-a257-4d53-9e9d-1d60f5062b3b,prepaid,2025-08-30,
14f879d4-4fd6-41db-97bc-a98d8e16ed62,efdd99a1-6ea2-486a-8cff-dba77488f920,prepaid,2023-11-22,2024-06-20
c1fdbadf-3327-47d0-bdef-5b7e028de325,e5ac26f7-3509-425e-8972-e5d182892bf4,prepaid,2024-10-30,
fa0cefa9-667c-41ab-bbed-50778bbca292,ac5c4f6a-778f-44e9-9d58-fbb81854f737,prepaid,2022-04-24,
9c1cb111-a8ee-49f5-a824-afb8cdae33c7,41e943b2-a2a8-4486-a51d-8c5dd5b15896,postpaid,2025-09-16,
0a6fb25c-89f2-439b-b881-c67e7a4cbf81,394ea561-9195-4a00-9155-7f25430c066b,prepaid,2022-12-27,
6b0bb4e1-1780-43c7-9f72-7b6842221191,d4890a97-e754-49b6-9f69-a8e8668afd7f,postpaid,2025-11-19,
edbd88b7-7249-4c5d-ac49-2d9cd1ccfa86,ceb76a75-7ecc-45bc-a361-d82f141fc473,prepaid,2024-02-16,
263e6199-1bab-41d4-9255-78cc9edd1bb1,3cf107b5-e53c-423c-bf03-b14e542faf10,prepaid,2024-10-26,
415f99c2-d810-4789-b3d9-29cad4e308ad,c564f8c9-5cde-49af-9bba-ae92723d5dc1,prepaid,2023-02-26,
f628a7b0-9212-4743-97a5-cdce50a8e46a,fc377fe1-403b-4946-9398-f2d8fe191b39,prepaid,2025-02-22,
96c78d48-ca48-42ec-bda3-9380c0681dbf,78652c09-3293-4929-859a-83ed2de66b0d,prepaid,2025-06-18,
f5eb2612-f9d2-4176-a5b4-f4f63010a148,df6efd5f-27fc-4b8f-a3e2-90f9c4334d8b,prepaid,2025-10-11,
1568f800-6f68-461a-bbfa-9f5cdc0424a2,627dac17-c7b3-47e6-b43c-82357c44bc23,prepaid,2024-02-10,
abf9f5f7-7cd2-4346-9f83-db4be876f695,b17711d5-3246-4df2-b983-34e88444d8e1,prepaid,2024-09-30,
e76cec66-6347-427c-b815-3e401a819b5e,30edeba7-e949-4538-8b84-288cbb1c4b5b,prepaid,2024-05-10,
5e01ce72-7e04-4495-b33a-b0ad1ad4eb11,437551b2-d7b5-4b69-b904-7aeae2d6040f,prepaid,2025-05-28,
f526d0ae-1faa-472b-902b-e7dfdbcc9450,f90e6f35-cdd6-49bc-bfd4-1bc53c254eff,prepaid,2025-08-30,
4c384847-db53-4d75-99e8-ce13faec7a7e,b5045aaf-a61e-4b3b-b792-c41a42ab809b,prepaid,2024-02-18,
3c64866b-dbdf-478f-b4b0-55d26b36176c,dd2ce507-1e5b-49a4-8144-26c4e64f252e,postpaid,2025-05-28,
c121778b-1f9c-4303-a6df-7ca410cfd396,91795a3c-c788-450d-b527-847518bcd426,prepaid,2025-11-17,
6a4c6554-c5b4-4db9-b687-b87944898bff,107df350-dcab-4205-a7d5-52edc80a374e,prepaid,2024-12-05,
f32fe1fe-2857-446a-ad76-3059074dea95,af75d7c1-1a62-40e8-81b7-f4dacd42f514,prepaid,2025-01-09,
2d1439da-34a4-4264-a24f-372b607e90fd,6a483e08-805a-4ad7-a2e7-b4bf3d40386e,prepaid,2023-01-01,
5f7a1f24-8d98-41ac-bb62-f4af9e829980,fa1a1fbf-62b5-4501-bb56-0cc152bf1849,prepaid,2023-09-15,
893ec11e-ebea-4885-94ec-162635c88136,f976ee48-7376-41c2-8f9d-56f94983d6b1,prepaid,2024-04-07,
c9255775-6021-40dd-880f-c8a692988ec8,c2ebc862-350d-43f4-9a88-c72e4d325f75,prepaid,2024-02-17,
f1bd1436-e208-4467-8d7a-eb8cccd2c32d,8487afe5-57e0-4048-9d83-513a3bf3bade,prepaid,2024-10-24,
27397d9c-2df3-49b8-9d38-896605d448bb,cfeb8853-cd84-4c9d-a4cd-97d08a0d8870,prepaid,2022-08-28,
542d06a2-c354-49c8-bcbd-02062315b9b1,6910de10-0fb7-4d15-8acc-a60414df9475,prepaid,2025-07-14,
fb97c191-c206-42a5-9b46-a133ce374e63,23557d8b-efcb-4cd9-9390-78dbe031d3a2,postpaid,2025-02-23,
f6dcc5f0-731d-448f-b3ed-e78259566b62,519fc9ff-1189-40aa-ab26-47dde2cd38df,postpaid,2023-01-20,
267b4bcc-126f-49e2-8eb4-8d32e22e7c14,e17ca889-9701-42d8-ba3a-20cb155d0126,prepaid,2023-06-18,
d20d9c53-df57-4339-a4b3-b4cc9241ef67,11b81bd1-72ea-4a75-9602-c54e080cab6b,prepaid,2023-02-04,
ddd851ba-2548-4ca8-81a8-c191bfa4ac01,107a36c8-b273-4c6f-89a6-8dee6c311f55,prepaid,2025-05-02,
06029ca1-b31e-45ec-8602-7e83f8687929,2870cd29-9433-4bd7-9d16-b47f2b7e80fc,prepaid,2025-10-29,
05b57488-c85f-4137-a635-9b880a48d704,454653d5-1348-42b5-9651-a4d4f4e9761b,prepaid,2024-07-11,
7dc88081-b9b0-42e9-8d90-345ce45f3485,5b1fd2f3-c5fc-457a-bf19-b9b9a427af20,prepaid,2024-03-08,
8796d882-c014-4975-810b-82e192c000f1,33a7943c-76a0-4aba-94c5-90da03d33a9e,prepaid,2023-01-30,
6544f150-0fa1-46c4-b2d8-ca638ed6f14f,e5c964d5-139f-4e9d-ae9c-b0e572f6321d,prepaid,2024-12-10,
e4f3ad8a-54c0-4c33-8a4e-b77b8006ace8,d7882914-e85a-45e5-953e-362428ef2814,prepaid,2025-09-24,
36bc1e3f-852e-4f36-9eef-67f39d532270,1a55a2df-beb3-4ac4-b6c7-17580ce69256,prepaid,2025-06-05,
12a1c7c9-075a-4196-81cd-c8d365a84430,49ce4cda-cca1-452c-9ac4-16009e5801ec,prepaid,2025-09-16,
0a2ec8bc-bac1-4ce0-ac34-f626416680a6,0cfa2b72-928c-424e-b48d-b1a1ed02970d,prepaid,2025-02-11,
82dfab74-1e1e-4ec5-93f0-091fb746dd4c,a67cf3b8-ba8f-495d-9d8b-cb2b6f0df88b,prepaid,2022-07-19,
2c6a0ea8-2549-44c2-a80f-74dfcdd9f4f0,191b560e-0022-428a-a4f7-0fc8fbd79038,postpaid,2024-08-27,
370b594f-e114-43e1-bdcb-ba299d72aa83,d7d9f134-847a-466f-91e5-11f4ad844ae6,prepaid,2024-08-23,
5dc4da7a-441f-43f6-8990-615f12ef413f,9546ac9c-deef-4b58-b5a2-b03c85df31b8,prepaid,2024-07-07,
da81f535-a98c-4b41-81ee-ceaad15f25dc,03243f0d-faaa-4caa-805b-676d40a003e8,prepaid,2025-04-22,
c053d3db-5f51-4f69-9fc5-cd1a44dd1177,c3a95342-ab29-4be8-853a-fb509b619a62,prepaid,2025-11-17,
3984de0f-5685-49e3-9129-ade718189f0c,0c2ade5d-2ca2-44c5-89ce-55766d8decf6,prepaid,2025-02-17,2025-03-26
4d4ea0bf-ed43-45b2-988c-958f4b26ea7c,53812764-6ad4-414b-b1e1-d6ea38944915,prepaid,2025-01-03,
415ae22c-5f9c-4c56-9ed0-f8edf5ff5c31,4774c265-6d6d-4cb3-958d-2c9b227f36c7,postpaid,2023-03-26,
1ddf1869-14ad-43a2-8dd5-90a5845d7c65,554ee1cb-e1eb-43fa-8089-f55ac86b3a75,prepaid,2024-06-24,
ade05823-ed9a-49aa-b468-f7e9cc827e5c,98f68665-9471-4422-8e29-03b7a13b891a,prepaid,2023-11-03,
5028c0f3-2af4-40bf-9dc3-22a44c3f37a0,b412c05d-3ff4-486a-a304-308c0edcd5e1,prepaid,2024-05-13,
b29208e3-2776-4efc-bd26-61ece03313f9,0a107146-81ad-4e60-a36d-63cc9f6b6c09,prepaid,2025-10-23,
807b1033-5f55-4c4c-837b-bb2b8d3ced8e,993429c7-df84-420a-bcd3-3576f0aee941,prepaid,2025-07-13,
47ccb2ba-be62-4b1c-8c91-cf7cdd670c02,51bb1437-cf9f-461c-8888-4cf1d960a028,prepaid,2025-05-14,
e0bf90c1-3b69-460c-95d3-7b101f4a2e1b,a4664cde-4a5c-4152-8307-0a616663fa10,postpaid,2024-07-29,
8a92cd62-9c7a-4742-b38d-86a3a6d6baa9,40b708a7-044c-4432-8092-9445d8491fd8,prepaid,2025-06-20,
b380ba02-c95c-4de4-8b08-dabe6c3bf735,77a65f03-3a79-4fdc-94cb-8f18a87da6b7,prepaid,2024-05-11,
0fb95e49-d61c-4b3e-9279-c6c7a00d4039,9ee7c692-5f1e-4fda-b601-0f83f81c63e9,prepaid,2025-07-08,
8790b693-63d1-4574-8693-2b328c7fd327,77192797-2856-420d-ab5f-4439b7b30fbf,prepaid,2024-10-04,2025-04-17
357e152d-6893-40bf-95b5-84e78ea1e465,e9c94500-738d-4555-a48e-eba58db912f2,postpaid,2025-04-28,
c6245598-5229-4932-96a6-ddf4c9f2ea2e,d6bfafde-cb67-446e-b321-f0decd2d2216,prepaid,2025-07-18,
5c6798fb-c6df-4f0d-9910-80222e99d138,b3d2fb0b-3273-4878-90ea-9830f52ad928,prepaid,2024-04-07,
375c99b6-937e-4a5f-ba92-f1f2198323e9,789928c2-ba6e-441d-a8e8-559f3be54421,prepaid,2022-04-08,
5d1db6b9-f959-4e81-b7b0-24131a395bf8,f1f4f0e2-90fc-46ec-bb48-4bb54c058808,prepaid,2025-06-15,
183e4877-293e-4d60-86c0-6017d4338089,70640e1c-0752-4b3c-821a-1ec73f8a4981,prepaid,2025-10-24,
e04c6561-fe18-4295-9598-26e6f11fb198,b3cda83f-feee-4d76-a013-6478ccddb2d1,prepaid,2025-11-15,
28d56611-0b7c-4d48-bffb-0e440a059a6f,7285ab4a-7931-4838-9dd1-e23cb1ff87eb,prepaid,2025-02-17,
025be860-30bf-4c21-9d56-536e01c4f188,7bae7375-cd40-460c-bd0c-2ececc78e781,prepaid,2025-01-17,
1c9ec2dd-ebda-41ad-9f16-301b86990bbf,69cc8827-3709-4d7f-8e94-6461344062c1,prepaid,2025-04-23,
0e6fb76c-8c84-4dcf-80d5-95ef8858d7f2,f00f39a5-e36c-4603-8a62-fadbcfb3a488,prepaid,2023-11-17,
cd47a582-ab34-4a2c-9a95-03bdb32c9016,654da578-c00e-4db4-a37a-be5600987e59,prepaid,2023-10-03,
b5986c35-6178-4704-a0e1-fcac7037355f,2444b9cc-5744-43e3-85e2-6497458ce0cd,prepaid,2025-06-10,
43432227-29c6-4c8b-980d-bb3b48cb9acf,3e13f2e2-7aa8-4684-b323-889ae9346cbd,postpaid,2021-11-02,
55fc3df3-5e93-40fb-a061-5ceaacbc7ba1,7edda8f3-20fa-47f0-9416-2a126632cc01,prepaid,2024-09-13,
7096e7f5-e7a4-4c07-a46b-899c96a28443,780703a3-c7cf-4e8f-81ef-9edcd16a4f85,prepaid,2025-10-12,
52047387-a9fd-46e6-ac08-39eff4d4fff9,cc519409-a3be-452b-8377-4f1ae717a4ac,prepaid,2022-10-27,
3a63a07b-f817-4318-b393-d12c5c299b46,98c66ae7-cdd1-4b14-9bbb-64abecc10083,prepaid,2024-04-22,
bf6d975e-8977-4e76-be79-1284c2e04980,873b7011-3c0c-4902-98c9-a17de8c39c91,prepaid,2024-03-23,
09a025d3-b174-4995-8603-a264db4e0f0e,04db944f-0bd3-46c8-bc1c-0a738a02ade6,prepaid,2024-06-23,
9daaafb5-ffea-4af3-9948-7d97f1aeab1c,064a75a5-6f16-41e9-9479-cb90961b4201,prepaid,2023-07-07,
b5239099-cabe-43e0-a9e1-32aac7dde2c3,657b61e9-cfc3-4ccb-a81f-35ad070e7e42,prepaid,2022-03-03,
c1f8b933-5e06-4031-8984-5f04739e32b0,377805b6-5236-4b0c-bece-6702daf08b93,prepaid,2023-08-04,
60338148-80e3-4507-8c13-f7e86ea0185e,b44b7490-95c0-4d76-b602-6c5e797e1ec7,prepaid,2024-01-19,
c6ab841c-eb52-45bf-a6b6-2dd39cf0cf81,a2be4efa-3caf-474a-a224-62f10bacf618,prepaid,2024-05-28,
a15607cd-bf97-4663-8fc0-f351461fd615,ddbcb2c9-606a-4fce-825e-cdeca93c2feb,prepaid,2023-06-17,
30828365-a7f3-41e2-afe0-8a743c175147,cb2e1373-7f75-4354-b92e-d06d2fc4a206,prepaid,2022-08-26,
9b6c5234-6308-482e-a341-663e0ea4aa75,667df16b-7be5-48a2-9146-6d3e28a16f4b,prepaid,2024-10-19,
74eaabe9-2920-489b-8928-cf6cf68fd1d1,63fac395-ccc3-406d-99b1-ac8ff0ef5e56,postpaid,2022-09-05,
66a7b51d-8077-4b4f-9ed8-29b49d73f0ad,21f0f357-c16f-435e-b08b-86d228a879ca,hybrid,2025-04-12,
79e6a7fb-a9bb-41d1-8ecc-0b060bb9fa38,d4dcc69c-af67-4c35-b36b-7715fb8531ea,prepaid,2025-08-15,
8b22c8ca-0829-4df2-9648-358fae8031a4,44f8a598-9465-477d-86ed-279dd25a45c5,prepaid,2023-11-20,
e212200f-d9c7-4849-9323-d3aab5442ebb,bb9ed400-c720-43ec-a91b-8829b5f1af28,prepaid,2025-06-30,
15417195-3669-4d21-9e14-2e5d8ec26272,16912362-7b42-480b-97de-85d7c40f7253,prepaid,2022-04-22,
df7ff454-200b-491e-b345-4cc26fdb0f0e,01a7a4f7-b00f-4962-8f47-ec6b51a0f8e7,prepaid,2025-02-18,
7d5d4ca2-0046-4a51-9c03-fc7bb638aeee,2dc0a969-f76c-46da-8182-b00b3ce5ef46,prepaid,2025-08-17,
5196bf5d-ea92-4afa-b50f-757ca091fb7a,eed1bd97-2eab-43b4-8874-53aba9421f2b,prepaid,2023-12-12,
b36fac5d-f126-4a74-b155-ea08f816b558,6f739c59-70bd-4d2f-a69e-1f7740c97f29,prepaid,2022-07-31,
050bf7af-2368-4cb4-9959-88ba188e7f78,26b18320-8f5c-4528-9515-b28c30131960,prepaid,2023-04-26,
56abf67f-32d3-4d55-a219-f527a1b8c932,02dbb677-ae81-46ab-8d28-77e408d63e2b,prepaid,2025-11-15,
52d209ee-ee6e-436b-a674-4381008498d6,f0f07205-609c-4551-b6cf-9c8b0992b11a,prepaid,2025-06-29,
0c54d86a-01d9-46fb-b861-b932fcf4605a,c730d924-37c8-4122-a7b1-25f173643e1f,prepaid,2025-08-16,
8b574156-3192-4577-8825-e3607fbc320e,54228bca-6b6a-43b9-b8c2-fe1a183a3b71,prepaid,2024-08-25,
e3dec006-9263-4383-9fac-f06d3cdd4977,fde6cb40-0ca2-470e-9cc3-ed4385c292f7,prepaid,2023-06-10,
15023286-8fd1-45f9-9c4f-518b3da2bb2d,de3b1124-35ba-4386-b94e-e0c332bbe0a0,prepaid,2022-03-22,
d918d5ef-dee5-432c-8f15-3ad8ce167de6,11d02ace-1cb1-490b-acf8-e69c61c340bf,prepaid,2023-08-04,
ea47b2e5-e311-468c-83ee-5b4042db6926,a0d22948-a577-476c-82c4-376598616102,postpaid,2025-06-04,
6d42cad7-765a-4c1c-b5b3-7db3e0c6bdfb,a43d2fba-0211-456d-8a2b-9374eb4f73fb,prepaid,2025-02-23,
0c1ea096-782b-4819-85be-2103bef176ee,94360cb6-a479-4f39-a6dc-8f8d0d353ce7,prepaid,2025-11-22,
49951884-4e66-4eeb-9ee8-59f3a46e51f6,1f581c8b-d609-4a3f-b8b3-2c9984c010b0,prepaid,2025-09-29,
d46032ea-381e-4439-a0f8-7fa88def7279,6c552725-ba55-4f02-b4d1-14ee7b8494af,prepaid,2022-12-17,
71d500b6-9a83-4c1a-a2dc-7a3f74aa945c,ec7f6685-876b-4c5b-8ea4-75af04b2186c,prepaid,2024-05-06,
c606310b-5782-40e6-8efc-548c47963d83,3f9a1100-fb9a-4f80-8be0-85afcb373617,prepaid,2023-08-01,
9f170823-5bbb-44e2-bf1a-799a62fa77ab,55376530-0f61-4a97-9e99-6c831ee6ea6e,prepaid,2025-10-16,
e49254f4-0e45-464d-9a3e-1884afe9e867,bee69b46-c6d3-45b5-9a47-d281a33e9ff4,prepaid,2021-12-21,
5a4b3b7f-a1e0-405f-b324-85393eb61268,8c3e9d75-2a02-47f2-918f-4ef90e9c102b,prepaid,2023-09-14,
656af935-fd0c-4b04-9a79-63ecdf26e507,0e618754-3990-4054-8520-560fe6576c30,prepaid,2022-11-16,
b3c2e3f8-ed1e-4387-ab7c-26b9733eaabf,25907a7e-d0b7-48cf-9917-b3f165de550f,prepaid,2023-06-19,2023-08-09
3d3cc9ce-e30f-48db-a2e9-d12d00210c25,524e2e3a-e1a5-48bf-b8e6-08ce2d4d0b6e,postpaid,2025-06-24,
1ed33ebe-d4f2-4572-b532-4d3516d6bf55,d40cfff9-8912-4f49-9f55-19f7d847a2c1,prepaid,2025-09-09,
85953020-4c62-4507-89d9-2333337e9858,98e6407c-fa53-46aa-8294-6153276c5364,prepaid,2025-07-10,
80a324e6-0eae-4aa5-9c48-d546764e0614,ff4cf187-cd7c-4444-af36-b359a64c3b70,prepaid,2025-08-28,
1863c103-1ae5-4dbc-b973-ceea8a8c6900,8668f8f2-c782-4d70-891b-2f9aedda3b61,prepaid,2024-01-12,
b83443b4-c2e7-4361-b243-2e4162ca4aac,2559c2c7-3283-4f9d-a8d3-90cec9f39635,prepaid,2025-11-04,
bfe32ef7-cf7f-4ab9-9ac0-5d6041a9a1d6,9335fd16-7d54-4e80-b949-f1f423d81232,prepaid,2022-12-23,
07242031-33e5-4aca-86e7-965f62543b4c,cc861bd6-f091-4b7c-a753-ec4804cecdbe,prepaid,2024-03-29,
4c2854eb-35b1-4564-bbf3-b73ca3d013c1,7cabb3db-a359-4680-83d7-1bda0ebc139e,prepaid,2023-06-11,
03f2a66f-e588-474e-917c-f34b0adc1de8,15213a5c-ec9f-4e03-b0ab-01df3f83d454,prepaid,2025-06-06,
9f1d96c3-dbec-4091-8c9e-185b5b2800f1,468270ce-bbad-477c-89ed-65b247a2c311,prepaid,2025-05-16,
a16a5f2f-3646-4ce2-b0d8-306cde6a505f,2f7d0393-cf55-4dd8-8502-507d92f01f1f,prepaid,2024-06-18,
1257a42c-18da-41f4-9303-ed23801042e8,b86f29a8-75b2-4fa3-a84a-d091a22eeca1,prepaid,2025-05-02,
8c06e7fa-1596-40f8-9100-7b8f3cbf9777,efa88133-bd18-434e-a51d-8663ad987bba,prepaid,2022-05-24,
b9d6706d-0b3f-4ef6-b251-41563a8b1d40,cc93f41d-d0d0-4b36-b707-0db2fe8220fd,prepaid,2024-11-05,
3f62c348-97e2-46c7-86f3-25a3ffc0059e,df7f77aa-7787-42c4-ab10-05d2fb429aca,prepaid,2024-12-06,
3375fa39-4121-4f73-aee6-b487f30f9b17,4c4aae5c-c9b9-48b3-9db9-47d3739df2b6,prepaid,2023-12-11,
7e036b21-318b-48a6-a6be-211bd06d8951,864107dd-ccca-41b2-8c6b-e516ee7c7aa5,prepaid,2024-02-05,
0cf9cc4c-a4e0-4f39-bce1-529997616ae6,42771290-2ef8-48db-9a58-bcc1ac875501,prepaid,2025-10-04,
8ddc3c20-a77f-44bf-94c4-ff8bbaa9ecbb,648e98d0-e5d8-4841-9c66-b5bbf3922d49,prepaid,2025-11-21,
054ccea8-4446-4b39-ac5d-7347ce0e9c96,f74e0b62-d97b-4449-8022-675802784c39,prepaid,2023-09-17,
146b22c0-1236-40e8-8194-1f6d8161f58d,53b624c1-8e40-46af-85ff-1202fd032b71,postpaid,2025-04-09,
9d5aaaea-9c08-4593-9824-a059f7d556d7,b873828a-764f-4ccc-a005-23ba6752228f,prepaid,2021-05-12,
af3f5ad0-7b1c-427c-ae14-c37a75581625,988f62fa-d832-4dfe-9229-2f9a0dbf97b3,prepaid,2025-01-23,
421985cd-3794-48d5-b6ef-4138c67e12bb,1069e242-6056-402c-8f79-8909c080fb5a,prepaid,2025-10-19,
4e5fe397-7998-4cfa-97e8-637cff7b9010,8e181f46-451c-4236-9cb1-6f4e16b3a610,prepaid,2022-12-31,
13edd0ac-2f57-4f59-8569-46f55e11f310,c900fc7f-20ca-4320-a18c-5e0c31357da0,prepaid,2025-09-28,
dec59886-20cb-4fc0-b362-e5d426940f84,42c853eb-7e1b-4d51-b6be-a996d251d8fa,prepaid,2025-11-10,
826a2a9a-74c7-4fb5-8065-f64bb3a9c786,7488ca56-b320-4d58-b10b-db4003c46423,postpaid,2025-08-25,
2ca7ae1d-3421-4e84-a8dd-8fedf636f416,5437703f-0994-48e8-b9dd-659d8b615fbf,postpaid,2025-05-24,
7aa81b9b-c8d8-40ff-a166-f24badb459d2,494caad6-70f1-40ce-8900-63b434f13f3a,postpaid,2023-05-17,
9a7fc819-147d-4606-9674-9b8bc5eeabe0,64e894ff-7a72-4c72-88eb-5bcb33edab6d,prepaid,2025-03-27,
d6a8ef45-07eb-43ff-ab55-1b6e2c3cc9bc,15d005bd-5908-4b51-82fa-4837202a485c,prepaid,2022-01-14,
62772741-81f5-4668-a2a1-e2e873d98d02,9be20336-12b6-49f8-9a1c-853497b29406,prepaid,2024-06-17,
8afec702-8fe7-4fea-98a2-bb6cd07eae6f,459e4adf-453d-4a48-a0c5-37b99430b634,prepaid,2025-10-20,
df6d213f-585b-47f4-aa5e-e2c7dda22314,e009dea4-a02d-41c3-a6b8-644651ab9cba,prepaid,2024-12-19,
6d12d125-3255-4885-a66e-24fb2df6f095,39fee195-a11e-4611-822f-6f6e09a2fa92,prepaid,2025-09-18,
e8b9ea75-d96a-4df9-b0e5-a1e0509cbdd6,a475a4dd-7777-4df2-8cbe-b20de67de09b,prepaid,2024-11-03,
11203d9d-1249-44a3-8664-3f2099a94353,9af64152-fd1b-416d-a6fc-2001afd1edfb,prepaid,2023-10-23,
ec7f8618-6d8f-4551-81db-dca90eb8214e,27ed1bba-9526-4be4-b1df-ee23f11bb76d,prepaid,2025-02-03,
7b9403e6-5840-402b-8da8-93cbb9ee4ff4,3e7cff81-be5e-48ed-95c6-969ba1f548c5,prepaid,2025-11-13,
2e27f574-90cf-470f-9636-b525f6b9b173,56b0dfa8-791b-44b7-b107-f1511b247901,postpaid,2024-04-12,
b901bf00-4fd7-4459-985c-70ea183553db,17f1fd91-1c28-4235-bf43-7f1873dadbc0,prepaid,2025-09-09,
3f6043f0-6a1e-4394-bf10-a86c7e99430f,db4a29aa-d19a-44c4-a8df-e7dfc07a3a8a,prepaid,2024-03-14,
1657587b-8cd3-408e-b79b-e95788949044,6385d5f5-a1b8-4752-8094-3272769519a4,prepaid,2024-07-04,
15bc96b5-95bb-40bb-a0d0-e7b8fd93b9be,8fb6345c-3e18-428d-9376-80f4254e00cf,prepaid,2025-10-14,
ee945bb5-85e8-4941-83ef-7293bf5e55c4,b1f71bcf-ce7c-45c4-952c-e5c293f28a48,prepaid,2024-10-11,
73476371-6597-44f2-9385-93359f2f7573,d02cfbe9-2356-4a44-877a-1e5342dae54e,postpaid,2022-10-27,
a68e29f8-0eaf-4af7-8367-0d41f0fdbcf1,03346f1f-34c0-4250-a428-eb9e71b35d41,prepaid,2023-08-18,
89608256-01ca-4a39-a3df-af6e8d00c231,d9fba46e-d26b-42b8-8dad-8b22910c4b96,prepaid,2025-07-31,
901ea6c7-382b-4fa7-9010-2f59f506cba3,eff696da-9cb9-442c-b311-9558c10ea683,prepaid,2025-07-01,
a4af71ba-949f-4629-a1a2-e5cec8b6c602,127c0de0-0236-4ec0-a4bc-60b09419b609,prepaid,2024-12-12,
7ab97244-c44a-4618-948f-5ca9cec8082b,14a859aa-09f7-4bab-b98f-189b00fb5df6,prepaid,2024-06-21,
416c2ed4-f1a4-4b58-b05f-49e3f41fff68,f99136d6-6963-4ca5-95dd-86602f2dee2c,prepaid,2024-05-30,
7f6a0335-b73b-4911-8c79-f42cde08738d,66cfb5e1-d00e-4254-8012-443d48133bfb,prepaid,2024-04-16,
231584e1-a56c-429c-a3cb-a16201b02a66,6e85f8f8-b30b-48bc-b4b3-a665cc4ff1b7,prepaid,2025-10-23,
61962aff-4248-4b28-b9c2-dc997771f600,aaa2d886-158d-40de-afb0-bc7f2a4fabc1,prepaid,2025-01-16,
6a5085e0-faa2-48f7-9014-2e79007fa98b,167556d9-8fb9-4bb4-b890-9c6e3d5a2907,prepaid,2025-10-30,
a8cb3beb-ab20-4c87-b60a-f3b96c90e6fe,ac50a70c-d9ea-49ec-81fa-e8e807c69522,prepaid,2024-08-30,
72116e7f-3c37-4879-9574-684f807fafcb,962c0c79-6ff8-41ed-8367-1de01abc1fd8,prepaid,2025-11-18,
d6511a9a-fc36-45ed-8b76-ec4f922c663e,b1d3c259-4414-40fb-abcf-62f29495937e,prepaid,2025-08-02,
4324da19-563d-48b9-95ef-b7667ddda636,77544891-6f47-4a4a-9082-a44e4b49abef,prepaid,2025-09-27,
cf3d5746-3975-4bb4-912f-9e880cfdfd63,916fecce-c036-43b8-9db6-1035d2cd154c,prepaid,2025-11-14,
506073cf-e27f-4ab0-b186-894aa54091c2,8a730118-ec5e-40da-bbf4-a72cc129f801,prepaid,2025-04-06,
7b7dfd18-8af6-46b2-8e3d-33d2c9ef13ee,dd2a8277-d233-44d9-bd73-5f8ad0b61fc4,prepaid,2024-08-13,
e4d6f38d-ad6c-4b32-9d4d-d19efd2b5527,1d2d9bec-5cf3-48e6-a2ca-0e1d24c9b10f,prepaid,2025-05-24,
f8820a0a-a89a-4dfd-b266-b010620276d6,982b86f1-9925-4b75-80a6-a0fa01e4f794,prepaid,2025-08-04,
182df957-344c-47c4-99e1-4875c08abd16,4cfa56c2-762d-493f-8de2-7099ff37c220,prepaid,2025-02-16,
d0f0ee0f-da34-4975-b6ca-2914026ea992,4a4d713a-f8d4-44a7-b443-3c8c15872d68,prepaid,2025-07-02,
1d7c951c-a3be-4eb8-b6c2-8c1d666bd36e,7530a71f-106e-470b-9e87-b60b34baa719,prepaid,2024-02-20,2024-02-25
4e47f316-4cfd-4307-a231-5db51731050e,63773a38-c575-41f6-b6f6-38151e7bbc0a,prepaid,2025-06-09,
32e83fe8-512b-4be1-818c-80c9bc1bb71b,be8759a4-dc8e-46e2-84a9-150c91766cff,prepaid,2025-10-16,
bbb609fc-767b-477e-8dad-19367df52995,65fb6cd1-e2ee-438a-bbbf-195991b5b228,prepaid,2020-12-27,
af6f8bd7-4506-40bd-bbb2-db2be5dfee87,7e342532-9767-4dbe-abb4-20582e6bbea1,prepaid,2024-09-02,
0cb0b0ba-7c31-4b73-8064-c37761666126,39f5e8f1-8353-4183-afb6-7865970e5b73,postpaid,2023-07-06,
d42b5412-a161-4e27-b6c5-831b3b117192,88a83a3c-babc-4cc2-913f-39808f6bfd2f,prepaid,2025-02-27,
71f8ac1a-900b-478b-a43d-2eb8e7fdbec3,014501e0-cb67-4860-87a0-ad76e1250177,prepaid,2025-11-19,
909afe3e-9757-4762-ba20-5d778e2a92f4,4f16997a-b479-4692-9025-f0154413568b,prepaid,2021-06-04,
5ddc1a13-1314-4c36-8a88-6e0a1f6e6b72,010a786b-2408-4261-8c2b-2fe4f75ffb57,prepaid,2023-04-25,
242c6ba4-aa6c-4068-b0bc-d908c5896680,ea1744e1-dd1f-4e6f-8cb6-ffd7c043b3c5,prepaid,2025-11-19,
b08a864f-06ec-4a7d-b103-e2ad14d20906,528dcd89-7050-4286-a6ae-2e014af29b19,prepaid,2024-01-09,
721e9d72-5d58-4551-b327-536162990541,020fc4d7-7462-48ae-9353-cec5bce74e5b,hybrid,2024-01-09,
aea91282-2987-46e9-b11a-5ab75babeaa6,d48add9b-3552-412a-b72a-fc96212a5f5a,prepaid,2024-10-16,
552770f0-98bf-4c0c-89a5-dee344241153,fee1ac89-4e2f-42d3-875c-f38ce16e0fc8,prepaid,2025-10-26,
732a525f-d9fa-4bdd-af47-87ad2d22fa03,d8bc82e3-2e3d-4f53-a4d8-1aa88e16f41a,prepaid,2025-10-25,
e6e633d4-710f-49a0-b1d2-44e82edc9863,83f4f4a5-b8b7-4a48-821c-dc64067d0513,prepaid,2021-12-22,
4c7288c8-a97c-45e8-b6f6-478d6f1b4eb5,0594a4d4-68e0-4bf2-8a3c-2e28ff293f1e,prepaid,2023-07-16,
b4fb4521-3772-46cd-8563-640232a47241,7503b8b8-175c-4d58-a03d-b12df09faebd,prepaid,2024-09-20,
8f79ea95-9e7b-4856-b32c-ed94b86a7c30,bd87d414-e704-49d5-b1f0-11a090b49079,prepaid,2025-10-09,
264fcf67-6745-4607-82a4-d82cd73dba60,d65c0f5e-060e-4420-ace8-aabf07830532,prepaid,2022-06-07,
4571b2f7-767b-4f41-a413-27843e7cf3af,727fae90-2901-4c6c-82b7-92d47f107a3b,prepaid,2024-09-12,
cf050bdb-1db7-44d1-aef7-fd2639ca1ed7,40acb379-5072-4e2b-a6c2-d820f2fb7854,prepaid,2025-11-13,
a1fd2380-0497-472f-922f-20aec8d403d8,0a6ae38e-52b1-4eba-a90a-c2e051c1fcc0,prepaid,2025-10-09,
9893ce6a-cffd-401b-9e2e-88d38188f828,4fec17a7-c8b0-4188-b6cf-48c513f9de7b,prepaid,2025-10-22,
4b56e61b-b3b0-44d8-85a4-b7032b392290,85ec194c-b08b-4f28-86ef-c11d92e89c1d,prepaid,2025-06-12,
a2a0c7fe-d114-4405-9ff2-70c1fd1dad81,03e2193e-e1cb-42fd-a57d-a7c4f216c75a,prepaid,2025-08-21,
727e1241-9c2d-44d7-8c68-e819ca1ebb63,3977b67a-7ac4-4dd3-bf68-d278a906a4e2,prepaid,2025-03-14,
b0fd2b4d-02a6-43c3-a78f-8473854ce51d,3d3c41fd-8e50-42d4-b3b8-2c43bab807b2,prepaid,2025-08-08,
d41afb4d-d7c0-4129-8a4b-3220ad33859f,bfa3f3f6-43b3-4c9b-af09-f2dcd689c637,postpaid,2025-01-07,
a57f8606-da56-4186-8b6b-9446eddf8f18,165ab463-52a1-4a5f-9d43-7ff15edabd89,prepaid,2023-07-27,
1beba308-dd4f-4c69-9c2c-97eb09129ad6,c6d7c180-0188-4f11-9324-7d021ad125f3,prepaid,2025-03-06,
489c3d84-26ea-46aa-b32a-982b264f7212,ee5a3315-9a2c-4d80-a630-799bc1905fba,prepaid,2023-01-03,
eef51239-80d1-4744-9df7-5946d87b7eb3,62143e7e-b486-4140-a2f7-3114a59b566c,prepaid,2024-04-09,
89f1808a-d4d2-41c3-9056-de1cbeaef2a4,069ca2f5-ff21-4c2f-bbf4-7ff8c0549ce1,prepaid,2024-02-02,
7983dd08-bb75-4514-a32c-e6b42cc80975,9008b3f6-4122-4337-a706-5b553fb58fa1,prepaid,2024-12-07,2025-11-08
fdcfdcf8-5210-4f7f-a7b5-2f5def081cf0,812d818a-0fcf-466d-b226-7752ded5784b,prepaid,2025-04-11,
e8bcb3d8-657b-44d5-aa48-8515fcc1c900,ed0e271f-1671-4873-90fb-9a94789a33e2,prepaid,2024-01-05,
cefc330f-bd1a-4d9a-87a4-28957a042ec3,543830fc-8e98-4671-b237-a315e1028c4c,prepaid,2023-03-13,
42eb3b0c-ad30-46aa-b410-81fcf47ab0cc,5895800f-0721-4b7c-b2ce-29081235df3f,prepaid,2025-11-20,
2d36e3a5-37d1-4421-b61b-4e6f5b88e2dc,f5500149-5477-4c3d-8525-1303e9dbebc2,prepaid,2025-05-14,
03ce14db-8e11-439e-890b-e36a269ea3c2,d5556535-17b7-4871-a344-7a343940c5a5,prepaid,2024-10-26,
dc6f47ca-9a35-4a2c-b5d5-de26ac7cd100,2966fad0-a507-48e7-9d0a-a8e570b90d17,postpaid,2025-01-07,
4956fa9f-a5c7-48bc-a1fc-061f930a34fb,d6debe3f-1e68-41d7-a8ad-72637a195300,prepaid,2023-11-16,
9b388193-4dbf-4a33-9d83-c9ff0b72e41b,cb1f5de2-2517-4a80-98c8-aafd0c7a8a6c,prepaid,2024-05-11,2025-02-06
e0f9f6f4-e4a3-4fc9-bf59-6739c0880cae,d098eb91-4c75-40ee-9ea7-08686a5d8c5d,prepaid,2025-09-18,
6d3920ee-7d49-4578-96b6-926ba1f31bbd,03e6b168-7426-4065-aa9a-e12336094a7a,prepaid,2025-09-08,
5e0ef931-f9e4-4511-b6f4-f9bac055edfd,1ec76bd4-7c6b-4b2f-99bd-72582494de70,prepaid,2023-07-19,
440350f4-afac-4124-b09d-a7a538175b0a,5fe6c78e-7e6a-46b5-976d-627d6fb2bb87,prepaid,2024-10-17,
f01059e8-4800-4c69-9158-55bf8811f0a3,a408f4e4-aa4e-4c6d-9338-178ac0ae9cb5,prepaid,2024-12-22,
4b5f9126-a078-4b75-9cb6-0fcecb546683,573e3b62-8244-43e1-bed0-a65e8e7eb2aa,postpaid,2025-06-01,
8a28eae8-b97d-48b7-a959-82eed7f048a5,9fe9928f-4f44-4076-9b0e-38422211ab69,prepaid,2024-01-04,
603e78c2-b30f-4e8a-986a-82a2bfa247ac,71eb54f0-d0b0-442a-b770-2b35440ef09c,postpaid,2023-10-09,
d272fb37-fb81-4b1f-9792-c2f4cc5476aa,95f8454e-a98b-4d6b-98cf-c7add81e5ffa,postpaid,2025-04-08,
153d0616-fa72-4316-92e7-c6e97eeb7941,0eb3d12f-760a-432e-83ea-fa2aaed6af41,prepaid,2025-11-14,
ef0c7253-873d-4d1f-b7d3-d66349a316a5,a7d314f3-cd24-44dd-b81f-960a326c468b,prepaid,2025-09-06,
26fadbd3-9503-4c2d-97cd-b2fa6c8344a2,bd7a158d-336e-4cdf-8436-51fe486e24ef,prepaid,2024-09-26,
38d1758c-fb9b-4f35-bdc4-ff03d087219b,038af7b7-c90b-4962-9d93-12eadfcaf50b,prepaid,2025-10-20,
a70739e5-3d5b-4aab-951c-5c32ec36b377,41caf271-3145-4abb-bfe7-f78e927c75c3,prepaid,2023-09-08,
a107c24c-41c8-432a-93d9-6ffbc3855a72,6986e859-c3c0-430f-8933-b232aa428164,prepaid,2024-12-15,
005586f8-99f4-4cd2-8d41-a8184b0dc6a1,78e00396-0c68-492c-bb49-018e216140a2,prepaid,2021-09-13,
421ac5cc-cec5-42df-b20c-cef976f09b0a,11f55693-ffff-469f-bcbe-98b682411b8c,prepaid,2024-06-02,
5c752927-6ab9-4244-836c-39a54b5ed43d,6f911a35-8ce2-4d87-b531-ff4238579e83,prepaid,2023-10-19,
72fba23b-01e7-48a9-aaa8-2522a0d00318,235a7a0d-a551-467c-afee-17ffbd636264,postpaid,2025-09-27,
0444eedb-3537-490b-9652-b9b955ed9e85,8fafe155-6359-4b79-a3e4-7c7099fcf6aa,prepaid,2025-03-06,
47a94328-41ac-41ab-8728-6a1c6e832b1d,4b645acf-f1d6-4e86-9ff9-0a712fd5c510,prepaid,2021-05-16,
28d960a6-e4d3-4d7e-99d2-71e104f57c4b,b077595a-bd73-4ad2-85da-aeebaf0173b7,prepaid,2025-11-01,
0da044d2-6ff5-446b-800c-9091cb1ac01c,d3e8b348-e00a-44fe-baa4-5f4cb31c484b,prepaid,2024-01-15,
814148dc-2b0b-4cc8-bc5d-69696220a8ef,c607da84-1000-4ac8-b8f8-00526804f896,prepaid,2023-06-26,
9f70b6d3-0d9c-4915-9192-c2953c7fcca5,b4d39460-2ce1-458a-853c-d163452fe294,prepaid,2024-05-02,
97877308-c650-4b91-a484-7042b3385258,a2266998-7346-45af-80b6-8d3e45c049d3,postpaid,2025-01-26,
5ea95860-83f0-45d9-9ac5-2b5cb474ff05,4be2d6fa-0f9c-407f-9439-0589c4a9ea21,postpaid,2025-01-10,
46484d9a-ce79-48b9-99d2-0bcf8441fbf1,820c8f89-2b13-4f8d-a4fd-9dbfecc9004d,prepaid,2024-08-21,
b631fff7-438d-4972-b576-c4e7d84d88c5,28232092-598a-4372-8ce4-aab06680ea2f,postpaid,2023-03-01,
95f168c1-595f-4e97-b17f-331719b97002,d0dbd4b7-d765-4f1d-b735-cdc6e47cdc3b,prepaid,2025-01-27,
70bf6b9c-92ef-4f6b-b54c-6f618a9677fe,f5c612b4-fa74-41d1-97ba-4cf308a9a05a,prepaid,2025-10-10,
c489c111-dbc0-4d29-8629-6105344fb103,7f5f9634-897a-421a-bc3e-d91a6fe763c5,prepaid,2025-06-09,
4fb5a29c-49e3-44e2-a01b-924fa16a9300,215de61c-d510-4ecd-809a-ae9e0fef3f8e,prepaid,2025-09-09,
df1d0393-3657-4c97-9f52-d57fc0ed76ff,53d82521-903f-43cc-bfcb-46cbfc3cb822,prepaid,2024-11-10,
41ea9eaf-61de-4302-a2b6-54028c5ef9a6,5c1a4e94-4502-406c-900f-5112402eed00,postpaid,2024-08-28,
e6632c05-0c76-4f55-9de2-92d399dc813f,a44ea4d1-92bb-441c-b5cc-bc84403110ba,prepaid,2024-08-25,
251cc288-4c12-48cd-a8c4-305b8b4c0052,626b252e-8f3e-473c-adb7-a9564c47274a,prepaid,2021-12-31,
ea66b49c-620a-42fd-90c0-b40782574c7f,fa8e1d5e-3ff9-4dc0-b7e3-5be3bc3e615a,prepaid,2025-06-08,
32ba612a-4a83-4483-9f9c-74f4e6e4b5d0,ca3d5f54-c16d-4495-900b-33aafc9c1596,postpaid,2022-07-13,
a1a5d230-cf62-431f-9e42-ffa95f53d206,9e53f8ba-6346-4f79-8334-5d862028f78d,prepaid,2023-09-09,
2998763b-7513-4659-a7c2-745a496e6bdc,3e0a083e-edbc-4a74-a511-dfcdb8a537c8,prepaid,2023-05-04,
c366d639-fe24-420c-bb24-113dd692ab3d,fec5aa1a-4776-43af-a19f-4aa168751527,prepaid,2025-06-16,
2fd294cd-2856-4bc0-9ae1-718228b54218,24d07eab-ef8b-41fd-9d98-e84737cdad86,prepaid,2024-05-11,
60a1874f-6195-4b01-ac65-16cc066989ad,077961f2-92ea-45f0-a7fe-b235fa44cc92,prepaid,2025-06-28,
c833e330-081c-4a19-932c-ec32d985dbcc,d2def3eb-b2d6-4175-8403-3234ff355c99,prepaid,2025-02-05,
80bc9c2d-56a8-4591-bebc-124fc4b5ed29,f000a539-0e34-4ab0-82ef-e2732850dded,prepaid,2023-07-12,
8b85bf0b-a6cc-4eb2-91a2-2c3bd808a5a4,2357279f-83b4-43a8-9b64-3d323663bb74,prepaid,2023-01-23,
7e230ab1-d0ab-418e-8a34-436f0862fd1e,fa2fef99-a7fe-4bcb-bc0e-bbbd83d72d9b,prepaid,2025-11-20,
fbae98ab-9980-464a-a6b2-0eb29cf2bc9f,eb73e849-a6e7-44a3-9031-a624c5132aa2,prepaid,2023-09-27,
05bb6a51-40c7-4a9a-840e-8f99a9c4ec85,75a44e96-95cd-4c8b-8eef-8c94d65b8c72,prepaid,2025-01-11,
f37dc5be-0458-4a68-9b21-f567a39d3e15,3e07906c-2eea-46ab-accd-4750cb895db8,prepaid,2025-06-01,
742fb42c-45e1-4125-aa70-b2ff748c5925,299d8d04-d6fd-4478-a8be-f620c776c0bc,prepaid,2022-09-30,
e7fb34b4-eca9-43a6-8114-fb0d4998afcb,c4f346b9-284b-4b7d-a662-15f3e503a3f0,prepaid,2025-05-03,
c23f325d-6842-44a7-8833-5dae4b4f651c,e54df00a-0279-4c12-967d-c0dfd53c3c36,prepaid,2025-10-20,
cf0d021b-337c-4a20-8f4f-4d51a175825b,f5df9e5b-f7f2-4539-97c3-f12fd0da143c,prepaid,2024-01-01,
fb645aed-b5ca-4417-b948-ba52189ac977,ca290344-708b-4140-bbad-510fc1453afb,prepaid,2025-03-14,
3db687fa-8c1f-4774-8fff-090f240ea5b9,2e971d47-649c-4040-be67-ca1736620249,hybrid,2025-10-12,
32fc6875-1853-4216-839b-54f3a67ffc68,debe3fcf-9392-46be-9c75-103ef6ff2e9b,prepaid,2024-08-16,
e5ee2100-983b-4adc-9e98-00f73ed8d590,2caba529-3e81-49ae-9562-e0d53775815f,prepaid,2025-04-26,
f09566f1-8d1b-4950-a5c4-cea03b58fae5,729d6bea-e0a1-44b4-8f21-bd9f6a540d1f,prepaid,2024-05-13,
587d23e0-4626-4e3c-863b-88a511bd03e6,9c1feeb3-fa9d-4b5b-a61c-90c4708566a4,postpaid,2023-04-12,
6a58f779-30f3-46f2-8d5e-d409fd7bb235,092800fe-292d-4830-85e5-e1975a208ff5,prepaid,2025-08-04,
a494e89f-b05a-4446-8f44-7a77b457a4b9,53183cb0-0a76-4ff3-b7c2-573adfa51e71,postpaid,2025-03-14,
f0a6a64b-02da-4291-9f5f-0d14f5cf2954,537e7744-fa61-4d21-b36c-4e9788882f12,prepaid,2025-01-12,
66e9cad0-a220-40e6-8d31-5664b8346f48,d37771b1-8736-486e-9344-ae6a471259cb,prepaid,2025-03-18,
05ce5eda-bab0-4ec9-8f65-8d8544f50bc4,8bb44fa6-c1db-414b-a59c-e54125bdf04f,prepaid,2025-11-05,
9728360a-7de9-4c96-b4c4-86ddbcf2e75d,8102aaac-41fe-4fe7-b0db-79046e6b1e49,prepaid,2025-07-05,
37b347f6-f962-4faa-b618-1b65ffceaf24,59d6458c-5de0-46b0-9d7f-0318362d5e33,prepaid,2023-04-26,
ba2523a3-f550-452a-a11c-f3c7b82e91a0,cf21126c-655e-4000-b94c-8abba0ea6c0c,prepaid,2021-12-21,
8dcad90e-3bc2-4f1c-bff7-227f76ecb848,b70048b0-0c76-4f9f-b728-3ff5a4d6c1ee,prepaid,2025-07-03,
44eb5b53-76f1-4025-b783-8844b33fb0f9,676b27eb-e84d-4e56-a236-5203c183575d,prepaid,2022-04-18,
a06ae23a-3d0b-45b0-b7c1-6c6e08e1eb6e,96066c20-a68e-48f5-b5aa-f9254a7a7d73,prepaid,2024-04-24,
68d07a45-9758-49fd-ad3f-cd29201c4beb,33493414-7c9b-49e4-8d5e-18858543eb3e,prepaid,2024-07-30,
7a9148d4-a6da-47d1-a646-ade3e294ad08,4e90ad35-a22f-4e6c-8930-9bb2451ac316,prepaid,2025-05-02,
2309805e-b47e-4a20-a00b-13dc077d8295,25f0f97a-5776-45d4-9391-85846a51afc9,prepaid,2025-07-20,
ebb69071-14d7-4777-bc95-0241d98f727c,90e8f574-f516-4cd1-84de-6d61db21b415,prepaid,2025-05-03,
124a10b7-1349-4dba-b15b-5b5720388252,fd498e87-9af9-45ad-8884-99583f00ea20,prepaid,2023-04-24,
022627e8-79d1-4184-a9c0-94c654fc1fad,3ec52cf6-fbf0-4c78-a15d-5abd09f96d19,prepaid,2022-11-09,
bee1d02c-adf8-4538-9a8d-18ad4752db9a,faf4e571-a0a1-48da-b934-0b6420a87194,prepaid,2025-01-06,
8d43d2f4-4c6d-4407-a92e-a0ff50de23df,33ba883e-c450-4b15-bd35-b4b46d407eda,prepaid,2025-10-15,
d344c097-2cad-4725-a28d-152742d14694,96149ba9-df2f-4bc4-bcf9-973695273853,prepaid,2025-07-20,
19ace779-a6aa-4298-a139-51b132a9e3b7,ab9ee02c-732a-4f1d-9a6e-1fe7af7a7586,postpaid,2024-08-14,
92276019-56d6-47a1-87a7-838b9ad59167,f42a6279-3bd3-420e-8de3-5f55d449cbf6,prepaid,2025-10-16,
c228a5c0-4929-44e2-ab98-0000197b1477,176ece14-a535-465d-a8f4-776f2be1ad28,postpaid,2023-05-08,
2326482f-7581-4037-8f49-277246728785,b20b9d97-ea8d-4336-9d82-672a5be23953,prepaid,2025-11-19,
a9ffee43-fbe7-4d7a-b263-ec0dbf322543,76ae87da-850f-4657-9da1-fbe266045684,prepaid,2025-02-03,
e39d29f0-8ab0-42ce-a406-dfb7dc5fb1db,e3dc8edb-cdbe-479a-a1dd-88610e35fb00,prepaid,2025-03-02,
ac2f5c97-c069-464f-911f-d18396357ad1,2e94efdd-d6bc-4338-96f5-ee076ac5fe2d,prepaid,2025-10-25,
cb173557-3f20-4d62-98c5-01ca2ddbdc91,61ee46ac-7628-4331-9f8e-c50c5dc7bc28,postpaid,2025-11-01,
6fb8e3aa-dfb8-4bf5-a543-253b2322dfa3,878122d0-7a25-4b56-86aa-d769c3f6ba30,prepaid,2024-05-16,
84b9fd8b-e3af-44ad-9c28-6958d0277812,1d4ce0aa-a411-47f8-8dfd-10abd7846b00,prepaid,2025-08-14,
b58b8553-45da-465a-aa56-15c4ed01abac,f5e0ca98-f1d2-4912-81ff-ed685e3490d7,prepaid,2024-10-16,
9144d3cc-cedc-46dc-8186-18b6f5b34345,1b441245-1a10-4e9a-a719-4c69167d7fcb,prepaid,2025-09-23,
06a7ea51-107f-48a8-b641-fa629df29c9f,dca01f1c-e8fa-402f-8128-833fc6be1ef9,prepaid,2022-09-19,
61302810-22a2-41c5-853e-5e1f5d047463,11919b14-4e57-41d2-9f6d-59a9117e7809,prepaid,2025-11-17,2025-11-20
4bcc6047-b8fe-4b1e-bd71-cb9aca3804e9,a37bf7c5-8fd4-40c8-9c9f-f5f772703b8b,prepaid,2025-02-13,
f222d943-fcc9-4bb1-ad7a-19f859fb91b2,3ecd98a4-c766-4e70-b084-0d45d12fcc23,prepaid,2024-06-03,
110f6f8b-de25-474e-8efe-30c322416dc6,629b2e91-caef-412a-a6df-28384372e525,prepaid,2023-10-31,
d908e533-6c6b-4441-866e-ad4bd351ef54,61339ab3-2179-441d-b251-02094f5dfe27,prepaid,2025-09-08,
594932aa-aa9d-4f42-86bc-715bd123b444,c9a46a08-b798-4d60-9732-1b809d64c057,prepaid,2025-04-06,
cd081eb3-58c1-4899-afd7-f8f76e7fb067,add696e9-2c53-4c44-8076-4ab1521ea286,prepaid,2024-06-27,
bf3912c4-9dfb-4e95-8992-bfbfd71d0f44,e3239eb8-d142-479b-b841-08a2e69719ed,prepaid,2023-09-21,
fc2db821-81b9-4057-a550-199b111c6c27,50feb7fe-f0c9-45dd-b46a-20be2077fff6,prepaid,2024-12-31,
6d134188-87e7-4b7e-b3bf-b7ee94e93ea4,cd0ca009-082e-4bf2-a94e-4e59d69b0aa1,postpaid,2025-04-29,
50be16ca-e8d6-4c0f-9370-de7e0613a27b,83092107-1ced-46da-b7a1-b03385cab20f,prepaid,2024-04-16,
880c5991-575c-40fc-9137-9bb6223010fb,15b3e61e-1598-41c0-b5c1-58cd1ff9d204,prepaid,2025-02-25,
2c9db341-1500-47b5-8d3f-b4eaf9c81e9c,6b04cd52-a950-404d-9104-250a243d6186,prepaid,2023-02-10,
4ed132a5-f76b-4db5-be2c-1f7336222d8a,1bd79869-4ebf-465a-a185-5885c5b89129,prepaid,2025-02-22,
5045054b-e69f-47e5-a6db-153892aba391,edf57f8e-a130-4877-a6cb-34bb69feb709,prepaid,2022-04-17,
d1b7a9b0-4696-424a-821e-348cc903e6db,4b7b44ee-1748-41ea-a0d7-feab99c1720a,postpaid,2023-08-21,
4a08365a-0984-459b-bec9-d7d4fcf22ea6,37e9199c-b0b6-499c-acd0-22112837220f,postpaid,2023-08-29,
5cbf7593-5373-4a6d-854e-79b2a3a3185b,8fe7d77b-f890-47e1-ac4f-f4734f494a70,prepaid,2024-05-11,
608b01ed-4993-449c-b67b-278c556515a6,1dc126b9-a411-43af-a249-e927d5d64c1b,postpaid,2025-07-30,
a280a15a-bbbc-4623-b997-f68cb34041c2,d5d13a7f-9b06-4ab8-9344-041d9cd28d8c,prepaid,2024-03-01,
41a52b1b-dffa-490a-ba5d-d945c8a9fcde,42ce71a9-59bd-47a0-af75-55c8f825e3e5,prepaid,2025-03-17,
5783e0d4-9539-4177-a39c-c77806f0304f,be794893-8008-4d7d-83b2-8bf611c77ebe,prepaid,2025-03-27,
7241ce9f-4ed6-425d-aa06-702fa26accaf,fefc0f58-d7c1-4ad0-9ff5-b7cbc87e079e,prepaid,2025-07-11,
c8b5d364-68b0-493d-ad48-f148fee62bee,190df92b-fe98-4783-923a-bb9a0546f6f2,prepaid,2025-10-22,2025-11-12
b5ae11b3-9680-4671-9a87-ca0765b39fe1,b7a2e0ed-ffc9-447b-ac7e-f64b7ef250d8,prepaid,2021-09-07,
6240f002-bdac-4fea-8fdc-239b5401cdde,ce3b0fb1-b65a-46f9-8566-e2c6383d90dc,prepaid,2021-11-20,
f58da1aa-335b-46ad-b67d-66eb2047fc55,1ad34e30-69ab-425b-a69e-e513fddd0dc0,prepaid,2024-02-14,
4f0f4a55-b757-4040-b4f2-15c3dda2cf57,b44a8ccd-24c2-4dfd-b475-b26f5eb4435a,prepaid,2025-06-26,
19d2a9c1-2064-4fb6-9ca0-cb8e9353f78f,2f61eae3-9782-4edb-b4fe-5e247f83fb11,prepaid,2025-08-17,
cd8625ab-641e-42e6-bda4-27368513f859,b001a0aa-1a94-48c4-9811-5f5a5f4ab91c,prepaid,2022-12-19,
77bc2b74-9bb6-445a-9cbb-8f46320de5dc,35d51479-3c88-49fe-a7f6-90a5733ab862,prepaid,2025-09-30,
1204d8b9-e9eb-4db9-8cb4-ec4542bbb360,7f164c61-496e-406e-962c-ad4645fb9f28,postpaid,2024-07-13,
8f2c27f9-d019-453c-8573-a709f2c2e44e,92d7c328-3a49-4d98-b147-3e1e64177cfa,postpaid,2025-04-01,
61bf4e91-8e09-45b1-b068-873cf7689e4e,127bb2b9-1d60-4bc5-bb4e-ed146aba5fae,prepaid,2025-11-07,
f8810bd1-8da1-4c08-9001-f5a8e26e4895,48512169-8030-40fd-bb33-d5d068f406bf,prepaid,2024-06-13,
e851e7f9-272d-4034-9f10-73364d4e0fbb,8dab3952-b2eb-4eb6-a605-6eb3b42b45ba,postpaid,2025-11-17,
474cbec5-feb9-4237-88d3-b126ec55f645,75fb6acc-526e-4fbf-970f-10ffbbef49ff,prepaid,2025-06-06,
9f0eb80d-3554-44c6-bbbf-22c3ca8eb30a,79e1b171-7a84-4d69-b582-b6b6e116926a,prepaid,2025-09-30,
994d18f0-ddf2-43a7-8bd9-b90b5c9cdf88,b7e38572-720a-4d9b-a7e9-d196da0eb20c,prepaid,2025-06-17,
9dcadc4b-787e-4ebe-ac13-19a5e9abba58,de792ad8-aec6-4a50-adff-fc11f754870e,prepaid,2025-10-18,
c4bbd033-5cf7-4edf-8e5d-fd14899ad1b8,7831bfe8-f26d-48e5-a319-7052f6b5b5b4,prepaid,2021-07-06,
3120a641-027a-426f-8667-66b2e1b870ee,759ae0d5-0269-4a08-baa4-d06dd434e9ed,prepaid,2024-04-01,
a69944e7-e665-455f-886b-547ad8c6c65c,9fa9d825-83a1-4cd2-b64c-dc76e9e9f61e,prepaid,2024-10-27,
37ad6b5d-2198-4c4f-9af0-d7b50e576d94,295b84b5-8d28-4d7e-9b61-52df4a1c3fb4,prepaid,2024-05-20,
3a519c23-3eac-4687-bf02-0c6ed4f8e65e,ca17a2f3-0757-4eb1-a18c-e3915ac83b82,prepaid,2024-11-14,
dfac6300-4656-4dde-a6da-507c16f733af,b9b6bc32-f11a-4daf-954c-a399809b9b3b,postpaid,2025-06-23,
6e796f82-fe7d-4142-9b69-72088b038ed0,f783ca23-2542-4316-b946-ec1b5a9ffdae,prepaid,2021-10-18,
cef42287-60c1-4aea-860a-34d0fcbb5296,c1cecaaf-3481-4855-9e66-cbcf38d58ad1,prepaid,2024-09-06,
a2e58c34-4b92-4a35-927e-d56efc8ab9ff,06f2f834-a11e-4196-81f4-b3befdeccaa1,prepaid,2024-03-13,
140fa143-a09b-4fd5-8c2b-47658c7c50ad,40fb5ed1-7e7f-4e48-9bde-75c6e1879d88,prepaid,2022-09-12,
202d89be-55a0-4bbd-a9dd-69217ce49809,145a8db4-7ca0-47b0-855b-062c4e8f1314,postpaid,2023-09-19,
e91dd2e8-68ea-48ea-afc3-a637874abcdc,921a952a-e66f-40d2-91cc-45a2895d617b,prepaid,2025-10-26,
9b8d1a41-ed5e-46b7-b77e-223819b1396b,2fdce760-c646-4f1e-89a9-a65361fe56b0,prepaid,2025-10-03,
baa4b0ed-cad5-410e-80dd-91aa29716d34,ba6f93d8-a7db-4815-802b-6cf6876c361d,prepaid,2025-07-14,
26904f59-097c-48a9-8540-5c8fe80ff305,0d00de39-c721-48e5-8408-79cf0f3e7cab,prepaid,2024-12-01,
841bb131-dead-4cd2-a471-4bc485e4165d,9ce798aa-7a48-4686-8563-d7a23b5a27e2,prepaid,2025-08-09,
29824147-ead2-4898-9b74-001fbcb55384,6aa1056d-b824-48d7-a514-6e3aeaf2abd9,prepaid,2024-02-01,
0dbb9d2a-87a2-4cc7-906a-ab20c696d241,5c4853d4-e955-4036-98d4-f71a6a9d6b1d,prepaid,2024-11-16,
b49b29fd-882e-4df8-b957-965b348667f4,83171c5c-940d-439a-a1ad-fef2fce06b4d,prepaid,2024-12-27,
fd4de211-2e69-4a4a-93bc-a126d23eaf1a,bf3d13d1-b22e-4a62-9542-56feb3ec394e,postpaid,2025-02-27,
1f390013-79ba-411b-a681-091297c29470,d86bf1f6-9df2-480d-9af5-ed5deae33ecd,prepaid,2024-07-12,
6f8c8569-d483-46af-9da6-daaefab6aa96,b3c1c11a-740c-461b-82f3-049bdcf2f9ca,prepaid,2023-12-10,
cafc2243-f323-4e87-9219-f5dece0c4c59,1c664cb7-194e-4b3e-ab3a-8950f290eed7,prepaid,2023-05-11,
3eec516f-fd19-4f06-971e-564d1ab1fa2e,0018cd6c-8a22-4942-a290-8b2ce6db52bd,prepaid,2025-07-12,
a185d274-7686-482d-a7a8-371e49a096af,27380bfd-131f-4cb1-9499-6cffc6641f1f,prepaid,2025-01-13,
df470ec7-114a-4709-8198-1e9c177b01bd,ce14d559-980d-4794-94f5-d995ce8e4cb5,prepaid,2024-10-31,
418d2ef0-d2b8-4ea7-a2ad-fed34fb1b7b4,f87fdede-1158-435b-9481-76bd2edf19b7,prepaid,2024-01-31,
e78a4133-b352-4f12-b42d-e4f878ad52ed,d5e6a54d-4ce7-4963-a266-8f702318680d,postpaid,2025-07-09,
2d2e828a-9a2c-4ae0-b639-a27525a3e199,b08542ee-7b2d-4cb8-bf6b-6e2cd895c5b0,prepaid,2025-07-11,
1a23723d-21cc-4858-96a5-a48701676a27,ec71a07f-e56c-4d87-b83b-4ecb942c2578,prepaid,2024-08-01,
6d233154-0caa-4ad6-bb6c-c4c10af67abb,dc011181-5205-4351-a675-d9b90d98d900,prepaid,2024-03-29,
a52e1029-04b5-4957-98a6-463fbcce4bd7,30729d9a-ec60-4716-b825-7d2ad3bf5aa7,prepaid,2024-09-30,
d0f8819d-25a2-4a90-b858-8258cca826f6,107a77ec-9f0d-423f-b648-c5f546822049,prepaid,2023-09-17,
f3d1cf25-7f67-4436-bade-350abff7e0e6,bd8ae575-c99f-45a8-b89d-5cfbeed99d72,prepaid,2025-09-24,
519bb987-2304-4aae-a81f-26af89bbeff2,33944465-506d-4e3c-9e15-c2670ddc95c4,prepaid,2025-01-06,
b08521dd-4ea2-4fb8-883a-b862cda715bf,a1977354-ef62-4b98-af6e-576df395f269,prepaid,2023-03-18,
12d4e02a-91ba-4270-86a1-d1402c14e5a8,c39610ea-2b3a-40a6-9c92-f0fb810eed18,prepaid,2025-09-17,
c82f23ab-b460-486f-8c67-666ecc236182,3ecdffc1-b9ec-4da9-ac22-7459b24b6071,prepaid,2024-04-27,2025-11-19
0be1ccf9-93ce-41b4-ab77-ed52943619ab,1b1ce211-3018-4c94-a1f6-66c87273e1c2,prepaid,2025-10-06,
9d4cc7d6-8dbd-4160-a4b1-f90b4c80dbb9,505f9585-a92c-4ef0-bd57-5daf1c2ee192,prepaid,2024-04-16,
e5575dec-b4e6-483c-bb8b-3b0de269ca89,b2447e85-772e-4691-9ad1-fc45bed19a5c,prepaid,2024-03-11,
c93cd59b-503a-4a83-9078-ae2c93da4d33,13366c46-b56c-4cca-9e8b-e8047f8b1ce8,postpaid,2025-07-13,
893724b4-8290-4b77-854d-8f2677d18794,c1309fb4-bf5e-4369-baaa-c13e3bfb3f83,postpaid,2025-07-21,
5fe66053-4783-479d-801f-b26ebd29082d,b3899d8b-97c2-406f-9d29-e557857e6953,prepaid,2025-07-14,
fe31fe18-01f9-400b-9d49-58954f9d7b1a,3692d9bb-adf4-4188-abb5-3097a25f90f0,prepaid,2025-05-01,
a7d2a75f-2a53-458b-9282-66421893fb56,132d4d0e-0e32-4cfb-abc5-0553a349f84a,prepaid,2022-05-18,
43db3414-d1a9-4b52-8118-45a0bf441c5d,674c4fc8-64a0-4c23-a01e-a9eba22552e7,prepaid,2024-08-11,
098cd2e9-0c86-42db-b147-503548573749,250fa5dd-9f60-41db-9acf-8cdc304ebac0,prepaid,2023-11-20,
ecb69c94-41e9-4984-bed1-37a9029bb563,3f5a1202-498e-4f09-a7bc-a8b613a87c1d,prepaid,2025-10-16,
4cd7c318-f1c7-4a78-b499-dc815b646b27,2d56baed-0e25-4d9d-a3eb-6c77fdf076ad,prepaid,2022-06-21,
2e6ef901-f144-45f0-a7f1-0736adb55d3f,14e051c8-b5b6-4e40-acf5-af4ea164076e,prepaid,2025-06-28,
afd6dc62-1bd8-4151-b16c-e486620aa099,dcedd0bf-35b0-4635-88d5-1319d55e1288,prepaid,2023-01-22,
0a77cfca-d40b-4ffa-aac7-648551c40ea7,2c2ffe68-fdc1-4d4e-8333-8a97b2f823c0,prepaid,2024-05-17,
421c65ea-68d4-4753-9c1b-7fcd9aaebfba,4e180a1d-79c9-4a15-a9b6-6e6ba7b7703f,prepaid,2025-09-09,
9d19cabc-5a9a-4352-85d7-2e898e3b3a50,9088524a-98c2-4251-8409-60268ae442f3,prepaid,2025-10-07,
e9ae2a91-44e9-4709-b639-d7b8e640441e,de1b4e7a-0897-47aa-9f69-342d1e95dc43,prepaid,2022-04-13,
abc4cabf-caaa-48cc-869c-05a4e1f3bc9b,eaf8c26c-4170-493d-8b1f-30142b5963b1,prepaid,2023-08-12,
6be4436c-a822-4aa2-970a-8c15976fee07,831f5502-bb07-4871-9493-502bf8aa427a,prepaid,2024-09-08,
e9b2a9d2-b6ec-459b-a9de-367836da9878,5785dd11-1d66-4583-af88-c350799b5ffc,prepaid,2025-03-13,
f7b4c1ec-ff3d-4257-b35e-702760803d85,bc8ccb88-599a-4ee8-9e60-0b6e3df5feb9,prepaid,2025-10-29,
035e8414-89b0-4a5e-a9f9-cc4eee8596d6,ed4829ae-ca28-4392-85e0-8b9c101c5e78,prepaid,2022-06-05,
a8f01239-7a71-4a9e-ad2a-60098a9264f2,f8d03127-a737-4f88-b0e7-109c7b126ae1,prepaid,2022-08-18,
2f0b7f3c-4fcd-4275-a6ff-ca03ce2d5d8f,4815ca01-5027-4a91-9d42-4e7ad41be16f,prepaid,2023-09-23,
cb205217-cbd7-40d7-a255-265d194de08d,7a529900-81db-4b15-8e97-e148edb5d101,prepaid,2024-03-15,
17d4fade-5959-42ca-8f66-73ec8507ad03,0bd1c6ec-8cd9-497f-8044-2eb73191104e,prepaid,2023-08-22,
551f5776-32d1-4472-b5dd-7dab4882a642,2342a1eb-4c4c-440a-aa1f-e39e0b68a093,postpaid,2024-12-10,
2f3990fc-f46a-408e-a2c1-d2d1e5307561,27810d7b-5ce4-42bb-a38f-37b7eefd91e7,prepaid,2024-04-25,
3d69c4dd-9587-4117-a07c-9fbd97d87e23,e14a45a2-9a42-405d-bf6a-ef39a278fa07,prepaid,2024-06-18,
d7cc6794-7654-45d5-9419-de4b302cb005,ff95b22c-5773-43f9-9741-25743d64dee1,postpaid,2022-05-04,
eecff29f-c21d-4338-b1e5-aeab0ba89322,f3d041e7-a49a-4e7f-8d60-c8defee31ae2,prepaid,2025-08-21,
ce9f5b39-7211-4f64-aab8-97ff1c86336e,cea3eecd-1060-4d0e-a31d-0e6631adb6d6,prepaid,2023-06-03,
835944a1-a174-4bb5-ae9b-4134fc3deac4,d6c1cbd0-7ec7-442b-99ad-28a467196233,prepaid,2023-01-20,
23121c7b-fa68-482d-b336-8a38134ee027,5909388b-e4dd-491d-afd7-1470297c00b5,hybrid,2025-11-07,
1dfadc21-3a5f-4c88-8bb4-d5ff20f54c8c,47542ca6-1093-41ce-a3f1-7e40101455ff,prepaid,2024-11-16,
007de491-b9e7-48c5-b4be-c18fa451aeae,f8db5e9e-a680-4545-a49c-8127ca0e86da,prepaid,2025-09-02,
27e9b470-ca24-49cc-a6f8-3ca0d0dd1422,84c85284-ad6d-4b2e-afd5-4cebaa6a4da2,prepaid,2023-07-11,
ad7e2646-3e44-4aea-a39f-fe43e1889d70,e0f0e22c-0756-4402-8cf2-1bc424785b7c,prepaid,2025-03-14,
292516bb-e1a6-41dc-be40-e31b60dd9d54,e9d9f7e2-c616-4555-96dc-ac090a7df1fd,prepaid,2025-07-07,
1b1ab0bb-5445-440a-aca5-e5bce67c7aec,86ebceca-d956-4316-8d31-d2b12d4dc975,prepaid,2024-06-11,
7fedb742-8f8b-47be-ae25-ddda46134a5c,6f973e7e-0ee0-4f48-8065-28cee82797c0,prepaid,2025-05-19,
1914eb1a-6e3c-48dd-9c8c-b06c490cc987,01c9fcba-fcab-4c72-b6cd-923e159a8e7d,prepaid,2024-12-24,
487dee91-d9d4-40fc-b712-51a751bf3ca6,4134e6f3-0974-4132-9c3c-581ed29a03a2,prepaid,2022-08-09,
64a7006e-1024-42c5-b758-cbbdda0c98a7,c58f8691-f6c5-43bd-9e91-adf792847fc0,prepaid,2025-11-04,
db008133-24fc-4379-97cd-87796a5795d6,c6eb3b78-67d8-44d1-8392-a3dd5216d9cc,prepaid,2025-05-27,
2b192250-c3de-43cf-83aa-cb9234238711,81f2f8db-060c-4234-b8bd-5926b9689ee8,prepaid,2025-01-19,
73b2ff01-679a-4c8c-a184-7a91a131f44f,b3e0b7e1-29e3-4249-b5e0-2bbd073fe22f,prepaid,2025-02-01,
117d5576-b59d-4395-9b82-39ec9532c2cf,0f35deef-38f9-42ec-b0ca-8aa4183441bc,prepaid,2024-03-07,
1492bb6a-669e-4786-a6e4-df0bfb47071a,c87b50c1-ce58-4ebe-88af-bd602b0c1308,prepaid,2022-03-11,
e8f31530-0a5e-4e80-b11f-188359b986cd,75e10908-1ab6-4668-ad87-feecf870129e,prepaid,2025-09-15,
4ed2c01f-195c-40ce-a18b-e3f7e7905e9f,ad181644-2af0-4f5e-b296-a352f53c5148,prepaid,2022-10-03,
d4e53b68-d87d-4a8d-826f-8424f50186ec,a68b5078-e42c-4a59-b246-302a7c6e7e4a,prepaid,2023-05-17,
2750c708-087c-4fe6-99bf-c8e3b3da02a1,cdc0d1b9-0b0f-439f-b0d8-a01a7752a60c,prepaid,2024-08-26,
32b5e4a5-1a44-47ab-87ec-571cd10bc0ec,ca6bbdb5-c50f-4802-adb6-6f120dfe52eb,prepaid,2022-07-04,
bc0fd383-3381-40c5-928e-4df288f34d3f,4470ecf5-023e-40d5-b646-fca7c1ff538d,prepaid,2025-07-19,
a7676c2e-5de5-452e-a4e9-4b5026418ae3,0d62178c-b46c-402c-9fda-00bd44f77242,prepaid,2025-05-11,
e8e204d2-99eb-409c-a964-155bfb736ee6,4bbd4d52-1530-446e-ab69-8dee4d901dfb,postpaid,2025-11-11,
e26a60ce-a98d-4a11-85a0-67afa646b62a,73ef1f1a-43f8-4f9c-9b66-0b0dd76a653a,hybrid,2025-08-04,
9e431bf2-e423-47ea-8d77-90e20ba828db,7f4ef753-bc30-4fea-97c8-f8eab50ac411,prepaid,2025-05-26,
dae65bdc-1e63-44e0-84c4-668071af3082,a612de3e-973c-4df3-b12b-e3efe190758d,postpaid,2025-08-31,
0e16ee59-600a-491e-b9d9-b358f4bdf80f,6423e97b-17cb-4ef4-be82-d36378663b74,prepaid,2024-07-07,
397c855a-77f5-4f92-a105-39a98ee24ac8,b1913d2f-7e8f-4a73-950d-3a63c5213faf,postpaid,2025-07-28,
87330a27-3430-4f01-8a8b-197b1682606d,01496762-56fe-4be9-973c-73637efce81b,prepaid,2024-06-27,
c02c2d1b-afe4-4379-bb95-9d44d3b03e72,687f3158-90e8-4bbc-8424-3df74fb5b5c1,prepaid,2023-03-14,
7dd383fe-18f3-4bd4-816b-2a083dc46312,5d9339df-df97-473f-bd9f-b68153fa2078,postpaid,2025-11-04,2025-11-17
ac18ef7b-6c0d-4fbb-b10d-872781c71123,5edef2bd-78e1-447e-aba8-b8a6423c0058,prepaid,2023-04-08,
b0010c34-48ed-4d65-a6e4-cac9c939d542,811f7029-5932-4d1e-8acf-d061da82a888,postpaid,2021-10-12,
bb51f0c2-2b95-4463-b254-440c41ea60c6,f96c7451-a582-47dd-9f31-c25b6c382fb4,prepaid,2025-07-05,
cd89fbc2-40d6-4aad-907d-9148e6330e05,48f3d9fc-6945-42c6-aabf-01cf583934c5,prepaid,2025-10-07,
8370b6db-6767-49ff-9f44-93097b434e96,0cac1a99-6493-43e1-a6dc-891a97466707,prepaid,2025-04-23,
6e2c762b-f8b3-4d64-a2cf-5c398e9c67f5,a954d030-b913-4785-937a-65ad685459c6,prepaid,2025-09-29,
7f4fb700-f224-4dd3-95de-5b429891e5d0,5a5d1099-7a3d-483a-a137-f2b22f18c063,prepaid,2025-10-21,
55232026-a433-4a8d-ad90-d337456acb9b,31a374f3-a3cf-43d2-917b-506f55896b7f,postpaid,2025-03-24,
b3fd41b4-0082-4fa1-b2dd-12f3f15b5b11,5ad5c63d-7e44-4302-ad02-45d90807a915,postpaid,2023-05-06,
fd181412-104b-4778-b9b6-6e9b287a31bf,01ca5871-b00d-41ea-a189-88981fdc930d,prepaid,2025-08-13,
eb266a47-7119-40f4-bb13-3647e4bc77ad,79156d53-cfca-4027-932e-45c4d9d28409,prepaid,2025-10-09,
b877a0bf-07d5-4f21-83e2-f9c1927d8922,a07db058-3d05-492e-9f33-e4eb2f8b7dd1,prepaid,2025-01-18,
5ae704c5-bf7d-4f8a-9d2b-96a9af741e9a,29002a60-3a44-4b0f-93aa-8cad4f9b4291,prepaid,2025-09-20,
b9feff46-7732-4ade-aef4-70c66e24cdf8,15b1c892-32ff-4e40-9278-9a63f201cdf0,prepaid,2022-09-20,
387bd79b-9221-45f6-acff-089c529ef5b6,d10923c3-5ee2-4925-b998-d94857a3cd5e,prepaid,2023-05-27,
0ca9625c-dfbf-42ea-b3de-e46c13379730,f54856a2-b967-47fa-8326-c8ff167a4674,postpaid,2024-10-07,
d7d04e40-25d2-44b0-9620-1f58611dacab,d91e14ed-dc7c-446e-9fc4-921c84e30aae,prepaid,2024-08-13,
11971ec9-926a-4f51-bc49-2678cd32bd83,cebaf7ae-3174-4ae1-88b3-7f9457e2e691,prepaid,2025-07-25,
